edition_id,short_title,author,printer,place,year,language,format,country,year_numeric,decade
627908,Das Newe Testament,,Kunigunde Hergot,Nürnberg,1535,German,8o,Holy Roman Empire,1535,1530s
698366,Trewung vom liebebande oder hertztrewen. Item: hochzeitpredigt von den ursachen warumb einer gerne Freyen solle,"Streuber, Peter",Zacharias Bärwald,Leipzig,1590,German,8o,Holy Roman Empire,1590,1590s
691468,Romischer Keyserlicher Majestat ordnung und Reformation gueter pollicei im heyligen Roemischen Reich anno M.D.XXX. zä Augspurg uffgericht.,,Johann Schöffer,Mainz,1530,German,2o,Holy Roman Empire,1530,1530s
708446,Zwo predigten vom gantzen Christlichen wesen und leben,"Spangenberg, Cyriacus",Samuel Emmel,Strasbourg,1564,German,8o,Holy Roman Empire,1564,1560s
640867,"Corpus juris civilis, institutiones dn. Joachimi mynsingeri a frundeck, jureconsulti clarissimi apotelesma, sive corpus perfectum scholiorum ad quatuor libros institutionum juris civilis: nunquam antehac excusum.",,Nikolaus II Episcopius,Basel,1555,Latin,2o,Swiss Confederation,1555,1550s
76584,"Sex linguarum latinae, gallicae, hispanicae, italicae, anglicae et teutonicae dilucidissimus dictionarius",,Philipp Ulhart,Augsburg,[1550],,,Holy Roman Empire,1550,1550s
659736,Gewisse Zeytung auß Franckreich. Welcher gestalt Koenigliche Majestat in Franckreich den Hertzog von Guisen sampt seinen bruder den Cardinal hat hinrichten lassen. Darbey auch angezeigt wirdt auß was ursachen ihr K: May: zu rechtmaessiger und wolverdienter punition und hinrichtung derselbigen ist bewogen worden.,,Samuel Apiarius,Basel,1589,German,4o,Swiss Confederation,1589,1580s
697468,"Theses de pactis ex utroque jure desumptae. Quas, praesidibus d.l. Joanne hollandt, dictatore, et d.l. winoldo kiver, fisco, in celeberrimo agrippinens. Juridicae facultatis collegio, pro more defendere conabitur, anno domini 1600. 15.iunii. Fridericus à furstenbergh","Hollandt, Johann",Gerhard Grevenbroich,Köln,1600,Latin,4o,Holy Roman Empire,1600,1600s
647897,Eine erndte predigt,"Pflaumenkern, Cyriacus",Martin Wittel,Erfurt,1600,German,4o,Holy Roman Empire,1600,1600s
683824,"Sermo habitus apud juventut? academiae Wittenberg. De corrigendis adulescentiae studiis. Rodolphus agricola phrisius de studiorum omnium colluuie, videlicet juris medicinae, physices, &theologiae.","Melanchthon, Philipp",Johann Froben,Basel,1519,Latin,4o,Swiss Confederation,1519,1510s
89518,La vraye et entiere histoire des troubles et choses memorables advenues tant en France qu'en Flandres ,"La Popelinière, Henri Lancelot-Voisin de",Barthélemy Germain,Basel,1579,French,8o,Swiss Confederation,1579,1570s
697584,"Theses de testamentis. Quas, praeside D. Paulo graseccio I. V. D. Et in inclyta Argentoratensium academia professore ordinario, exercitii gratia à se propositas, pro ingenii tenuitate defendere conabitur, mense martio. Jacobus vvavveccius carniolanus.","Graseck, Paul",Antoine Bertram,Strasbourg,1592,Latin,4o,Holy Roman Empire,1592,1590s
635383,Des Turckischen Keysers heerzug und vörnem widder die Christen. Mit angehengter Ermanunge der grausamen tyranney des Tuercken widder Christlich nation,"Haselberg, Johannes",Andreas Rauscher,Erfurt,1531,German,4o,Holy Roman Empire,1531,1530s
614900,Auszlegung der Epistelen und Evangelien die nach brauch der Kirchen gelesen werden durch den Advent und dannenthyn vom christag biß uff den Sontag nach Epiphanie. Auch hastu eyn klare underricht was man in dem Evangelio suchen und leren sol auch ein fleyssig register über die beyden teyl auslegung der Episteln und Evangelien,"Luther, Martin",Adam Petri,Basel,1522,German,2o,Swiss Confederation,1522,1520s
701655,Underrichtynge der oeueldeder de me doeden schal. Mit etliken sproeken van dem lotten uth dem Olden unde Nyen Testamente,"Moibanus, Ambrosius ",Hans Walther,Magdeburg,1530,German,8o,Holy Roman Empire,1530,1530s
442415,"Dictionarium undecim linguarum, jam septimo accurata emendatione","Calepino, Ambrogio",Sebastian Henricpetri,Basel,1580,,2o,Swiss Confederation,1580,1580s
631868,"De una persona, et duabus naturis Christi, sen-tentia Jacobi schegkii D. Medici et philosophi clarissimi, professoris scholae Tubingensis, ex fundamentis quidem scripture sacrae, analysi autem philosophica, et piè et eruditè explicata.","Schegk, Jacob",Peter Braubach,Frankfurt am Main,1565,Latin,4o,Holy Roman Empire,1565,1560s
803609,"Modus solennis et autenticus, ad inquirendum & inveniendum & convincendum Luteranos, valde necessarius, ad salutem sanctae apostolicae sedis, & omnium ecclesiasticorum, anno 1519 compositus per venerabilem monachum magistrum Syluestrum Prieratem, Anno 1553 revisus, & satis bene emendatus ab erroribus, per reverendissimos cardinales ad officium sanctissimae inquisitionis depuratus, per sanctum dominum nostrum papam Iulium III","Mazzolini, Silvestro",Johann Oporinus,Roma (=Basel),1553,Latin,8o,Swiss Confederation,1553,1550s
624748,"Congratulationes ad decem ornatissimos juvenes Jacobum vvindheselium noricum Johannem burckhartum vveissenburgensem Danielem vvagnerum vvindeshemium Johannem zunnerum herspruccensem Heinricum heuschkelium vveidensem Georgium nuberum hugenhausensem Andream Bohemium Noribergensem Paulum stengelium Noribergensem Johannem Hoffmannum dünckelsbilensem Georgium seubothium Pabepergensem. Quibus in academia altorphina à D. Philippo scherbio, philosophiae et medicinae professore, tum temporis decano primus philosophiae gradus decernebatur. Anno M D XCI. X VIII . Decemb. Scriptae ab amicis.",,Katharina Gerlach,Nürnberg,1591,Latin,4o,Holy Roman Empire,1591,1590s
690285,Regiment inhaltendt vie sich wider die pestilentz zu bewaren auch den jhenen die damit begriffen hilff zu reichen nach vleissiger ubersehfug n gemehert und gebessert,"Auerbach, Heinrich",Johann Schöffer,Mainz,1517,German,4o,Holy Roman Empire,1517,1510s
708233,Zwey schone lieder das erst von eim kauffman der seine gute werck wolt sparen an todes beth ist inn muscat bluet thon. Das ander ein betler genant.,,Hans Guldenmund,Nürnberg,1530,German,8o,Holy Roman Empire,1530,1530s
83930,Fröliche neue teutsche und frantzösische Lieder. (4) Bassus,"Utendal, Alexander",Katharina Gerlach,Nürnberg,1586,French,8o,Holy Roman Empire,1586,1580s
678258,"Nomenclator quadrilinguis, Latinogermanicograecogallicus, in glasses IIII distinctus","Emmel, Helfrich",Theodosius Rihel,Strasbourg,1592,,8o,Holy Roman Empire,1592,1590s
302645,Vocabularium (Latino-Danicum),"Pedersen, Christiern",Heinrich Quentell,Köln,1514,,8o,Holy Roman Empire,1514,1510s
626351,"Opera à mendis summa vigilantia repurgata, & doctissimis annotationibus ad finem adiectis. Illustrata. Accessit liber eiusdem apprimè pius,ad fortunatum, de duplici martyrio. Cum indice rerum notatu dignissimarum, locupletissimo.","Cyprianus, Thascius Caecilius",Johann II Herwagen,Basel,1558,Latin,2o,Swiss Confederation,1558,1550s
647271,Ein trostlish predig von der gnaden Gottes und fryen willen. Und von dem gewalt der schlüssel Sant Petri.,"Luther, Martin",Adam Petri,Basel,1520,German,4o,Swiss Confederation,1520,1520s
667156,Ad Billibaldum Pyrkaimerum de re eucharistiae responsio.,"Oekolampad, Johannes",Christoph I Froschauer,Zürich,1526,Latin,8o,Swiss Confederation,1526,1520s
622717,Clare unnd helle antwort auff den ungegründten lösterlichen gegenbericht Jude Jscarioth so sich Fridericum Staphylum nennet,"Andreae, Jakob",Ulrich I Morhart,Tübingen,1561,German,4o,Holy Roman Empire,1561,1560s
550067,Peri ton periptomaton tes protes pepseos disputatio Praeside Theodoro Zvingero in Academia Basiliensi habita a Petro Roth Freistad. Siles. Anno 1584. III. Eid. Sextil..,"Zwinger, Theodor",Leonhard Ostein,Basel,1584,Greek,,Swiss Confederation,1584,1580s
679520,"Olivetum Spirense. Id est opus rara ac veteri arte, ad montis olivarum ubi Jesus nazarenus Dei et virginis Mariae filius captus est, speciem conformatum, et in urbe Spirensi celebratissimum, recens a Joanne armbrustero societatis Jesu, heroico metro decantatum.","Armbruster, Johannes",Lambert Andreae,Köln,1593,Latin,4o,Holy Roman Empire,1593,1590s
699161,"De jurisdictione tractatus tractatus de imperio et jurisdictione duorum clarissimorum jurisconsultorum. Francisci de claperiis, et Joannis longovallii. Adiecta sunt summaria et index copiosus. Tractatus de jurisdictione","Clapiers, François de",Johann III Gymnich,Köln,1591,Latin,8o,Holy Roman Empire,1591,1590s
670289,Künig Davids wyssagung vom Rych Messie im CIX. psalmen beschriben,"Wolf, Johannes",Christoph I Froschauer,Zürich,1560,German,8o,Swiss Confederation,1560,1560s
686939,Prognosticon oder practica auff das jar nach der gnadenreichen und seligmachenden geburt Jesu Christi. M. D. XCIX. In welchem neben der witterung angezeigt wirdt die wirckung der Finsternissen sampt andern zufelligen sachen beschrieben,"Müller, Josias",Alexander Philipp Dietrich,Nürnberg,1598,German,4o,Holy Roman Empire,1598,1590s
681859,Liber de tribus puellis. Ovidius de sagaci nucio. De pulice. Pamphilus de amore. Ovidius de numo. De cuculo. De ventre. Epistola amatoria metrice conscripta. Epistula de vita. P. Ovidii.,"Ovidius Naso, Publius",Cornelius von Zierickzee,Köln,1515,Latin,,Holy Roman Empire,1515,1510s
677399,Newe Zeittung. Warhafftige beschreybung des grossen erschroecklichen gewessers so nit einem regen sondern einer zimlichen syndflut ehnlich gewesen sich auff S Annenberge und in andern umbliegenden Stetten und doerffern mit mercklichen schaden hat zugetragen. Im jar 1565. den 21. Julii.,"Wagner, Philipp",Nikolaus Knorr,Nürnberg,1565,German,4o,Holy Roman Empire,1565,1560s
749587,Sermo ad laudem dei et beatae Ursulae et eius societatis,"Ursula, S",Michael Furter,Basel,1504,Latin,4o,Swiss Confederation,1504,1500s
698728,"Tomus quintus in quo continentur omnes libri Veteris instrumenti qui sunt extra canonem Hebraicum, perperam apocryphi, rectius autem ecclesiastici appellati, puta Tobiae, Judith, baruch, sapi?tiae, ecclesiastici, libri singuli, ezrae duo, machabaeorum duo, cum fragmentis Danielis & esther, commentariis chvonradi pellicani rubeaquensis expositi.","Pellikan, Konrad",Christoph I Froschauer,Zürich,1535,Latin,2o,Swiss Confederation,1535,1530s
691736,"In cantica canticorum de incarnatione domini,commentariorum libri. Vii.à multis seculis, in hunc usque diem maxime desiderati, multoque labore ac sumptu nunc iterum atque iterum excusi. (nunc tertio)",Rupertus,Arnold I Birckmann,Köln,1540,Latin,2o,Holy Roman Empire,1540,1540s
666334,"In p. Vergilii maronis bucolica. Adnotationes h. Eobani Hessi poëtae. Scholia item leonardi kulmanni, quibus artificium rhetoricum explicatur.","Vergilius Maro, Publius",Martin Gymnich,Köln,1545,Latin,8o,Holy Roman Empire,1545,1540s
611567,"Animadversionum juris civilis, liber singularis, Gregorio lopez madera I.c. Mantuae carpentano authore. Accesserunt quinque solennes lectiones dolanae clarißimi et solertißimi I.v. D. Caroli molinaei, in quibus plurimae leges hactenus obtenebratae, suse luci tam in theoria quàm in praxi restituuntur. Quinque sollemnes lectiones dolanae","López Madera, Gregorio",Johann III Gymnich,Köln,1594,Latin,8o,Holy Roman Empire,1594,1590s
609365,Aeglogae Vergilii neoterici. Prima est de honesto amore et foelici eius exitu. Altera de amoris insania. Decia de fratru observantitum et non observantium controversia.,"Spagnoli, Battista",Wolfgang Schenck,Erfurt,1501,Latin,4o,Holy Roman Empire,1501,1500s
679495,"Oiketes: sive de officio famulorum, per Gilbertum nozerenum anno 1536. Scriptus libellus. Nunc veró denuo editus, cum praefatione et elegia in fine addita, in qua imago boni servi ex conclusione huius libelli desumta explicata est. à m: ioh. Dinckelio.","Cousin, Gilbert",Martin Wittel,Erfurt,1593,Greek,8o,Holy Roman Empire,1593,1590s
613305,"Articuli oli deili, te prave stare vere kerszhanske, is s.pysma poredu postauleni inu kratku sastopnu islosheni. Kateri so tudi taku, utim 1530. leitu inu potle utim 1552. leitu, timu Concilyu utrienti, od enih uelikih nembshkih vyudou, meist inu pridigarieu, naprei polosheni inu dani, sdai peruizh is latinskiga inu nembshkiga iesyka, uta slouenski sueistu istolmazheni. odspreda uti slouenski predguuori se praui, katera vera ie, od s. Troyce postaulena, ta ner prauishi inu nerstarishi. Skusi, primosha truberia crainza. Drey Christliche Confeßionen namlich Augspurgische Wirtembergische und Saechsische auß Latein und Teütsch in diß Windisch buch zusamen gezogen. Bekenntnis und bericht der theologen und Kirchendiener im Fürstentum württemberg Christliche konfession, nämlich sächsische Christliche konfession, nämlich württembergische confessio doctrinae ecclesiarum saxonicarum",,Ulrich I Morhart,Tübingen,1562,Polish,4o,Holy Roman Empire,1562,1560s
674262,"Comoediae XX. Iam denuo diligentius recognitae. Cum indice verborum argumenta singularum comoediarum. Graecarum dictionum tralatio. Autoris vita. Additis in omnes comoedias scholiis, in quibus annotantur quaecunque annotauit in plautum des.Erasmus. G.budaeus. Angelus polit. Georgius Alexandrinus","Plautus, Titus Maccius",Johann I Gymnich,Köln,1530,Latin,8o,Holy Roman Empire,1530,1530s
660784,"Gregoriu tu aneponymu synoptikon tes philosophias syntagma. Gregorii aneponymi compendiosum philosophiae syntagma. Graecè ex manuscripto codice bibliothecae Augustanae primum eruit, Latinè vertit, et scholiis ex Aristotele ac optimis quibusque illius Graecis praesertim interpretibus auxit et illustrauit M. Johannes vvegelinus Augustanus.",Georgius Pachymeres,Michael Manger,Augsburg,1600,Greek,8o,Holy Roman Empire,1600,1600s
302674,Davids Psalter giord udi Boner,,Hans Walther,Magdeburg,1533,Danish,8o,Holy Roman Empire,1533,1530s
702812,"Von dem eigenschafften zufaellen und effecten auch merckzeichen und cura, deß newen epidemialischen catarrhoischen fiebers welches anno 1580. Angefangen zu grassiren und nicht allein Germaniam, sondern auch fast gantz Europam durchgangen und nun etliche jahr nacheinander sonderlich im nechstuergangen frueeling deß 91. jars sich wiederumb erzeiget","Wittich, Johannes",Zacharias Bärwald,Leipzig,1592,German,8o,Holy Roman Empire,1592,1590s
80942,"Nomenclator latinus propriorum vocabulorum ut regionum, insularum, marium, fluviorum, sylvarum, lacuum, montium, populorum, urbium, vicorum et simulium","Emmel, Helfrich",Theodosius Rihel,Strasbourg,[1592],French,8o,Holy Roman Empire,1592,1590s
617041,Breviuscula facilimaque commentatio in paruulum philosophie moralis teneriori etati necessaria ad recte virtuoseque vivendum: per magistrum Gregoriu bredekoph de konitz congesta.,,Wolfgang Stöckel,Leipzig,1505,Latin,2o,Holy Roman Empire,1505,1500s
708699,"Historia verdadera, traduzida de griego en lengua castellana",Lucianus Samosatensis,Augustin Fries,Strasbourg,1551,Spanish,,Holy Roman Empire,1551,1550s
676866,Nauis stultifera a domino Sebastiano Brant primu edificata: &lepidissimis teutonice lingue rithmis decorata: deinde ab Jacobo lochero philomuso Latinitate donata: & demu ab jodoco badio ascensio vario carminu genere non sine eorundem familiari explanatione illustrata.,"Brant, Sebastian",Nikolaus Lamparter,Basel,1507,Latin,,Swiss Confederation,1507,1500s
628838,"De translatione imperii Romani ad Germanos. Item de electione episcoporum, quòd aequè ad plebem pertineat","Flacius Illyricus, Matthias",Peter Perna,Basel,1566,Latin,8o,Swiss Confederation,1566,1560s
702900,Von dem erschrecklichen unnd grossen fewrigen zeichen welches am Himel am tag der unschuldigen kindlein im jar nach der geburt Christi M.D.LXI. An vielen orten und stedten ist gesehen worden kurtze Erklerunge.,"Opitz, Hieronymus",Valentin Neuber,Nürnberg,1561,German,4o,Holy Roman Empire,1561,1560s
628816,"De sacrilegorum vindictis et poenis, quibus omnibus temporibus et saeculis Deus eos vindicauit, qui preter jus, fas et aequitatem, ecclesiastica bona temerè occuparunt, et basilicas ac monasteria spoliarunt et violauerunt. Libellus per pium quendam et catholicum conscriptus, et in bonorum et piorum gratiam et utilitat collectus, atque Germanicè nuper aeditus. Nunc primum autem Latinitate donatus per tilmannum bredebachium.",,Maternus Cholinus,Köln,1565,Latin,8o,Holy Roman Empire,1565,1560s
608538,"Partitionum theologicarum logica methodo institutarum, libelli duo:","Polanus von Polansdorf, Amandus",Konrad Waldkirch,Basel,1596,Latin,8o,Swiss Confederation,1596,1590s
669748,"An virtus doceri possit de justo dialogus de exilio amicitiae keras amalthaias. Joannu tu stobaiu eklogai apophthegmaton Joannis stobei sententiae ex thesauris Graecorum delectae & in sermones sive locos communes digestae, nunc primum à Conrado gesnero doctore medico, tigurino, in Latinu sermonem traductae, sic ut Latina Graecis è regione respondeant. Subnexi sunt etiam indices copiosissimi",Johannes Stobaeus,Christoph I Froschauer,Zürich,1543,Greek,2o,Swiss Confederation,1543,1540s
645471,Ein practica practicirt auß der heylgen Bibel uff vil zukuenfftig jar selig syn die die ir war nemen und darnach richten,"Kettenbach, Heinrich von",Johann Stuchs,Nürnberg,1523,German,4o,Holy Roman Empire,1523,1520s
626783,Das Alt testemant,,Christoph I Froschauer,Zürich,1527,German,16o,Swiss Confederation,1527,1520s
663736,Historie van sent Ursulen und den eelff dusent junfferen. Ind eyn suverlich geystlich liedt van sent Ursulen schiiff ader broderschaff. Daeby alle kyrchen ind gotzhuyser miit yr principail heyldom der werdiger stat colne.,"Ursula, St",haer. Heinrich Quentel,Köln,1510,German,4o,Holy Roman Empire,1510,1510s
677675,Newe Zeyttung von den Widderteuffern und yhrer sect newlich erwachsen yhm Stifft zu Saltzburg und an andern enden mehr mit dreytzehen Unchristlichen artickel unter yhn die do zu Augspurg fur Unchristlich verworffen sind,,Gabriel Kantz,Zwickau,1528,German,4o,Holy Roman Empire,1528,1520s
630939,De persona et officiis spiritus sancti. Adiuncta precatione et gratiarum actione. Philippus heroldus Lipsicus.,"Herold, Philipp",Georg Hatzsch,Leipzig,1557,Latin,4o,Holy Roman Empire,1557,1550s
649770,"Elementorum rhetorices libri duo. His adiectae sunt epistolae contrariae pici et hermolai barbari. Unà cum dispositione phil. Mel. Acceßit demum index. Epistola epistola de stilo philosophorum epistola nova ac subditicia, quae respondet pico","Melanchthon, Philipp",Valentin I Bapst,Leipzig,1544,Latin,8o,Holy Roman Empire,1544,1540s
640801,Directorium aureum contemplatiuorum de novo revisum et emendatum. Collationes tres nobilissime pro cupientibus ad rectissimam Christiane religionis normam et profectionem contemplationis prouenire. Tractatulus de effusione cordis. Modus fructuose legendi rosarium gloriossime v'ginis Marie.cui adiiciutur articuli vite et passionis Christi. Item remedia contra distractiones seum instabilitatem mentis.tabula p'ncipalium sententiarrrum in praefatis libellis contentarum,Henricus Herpius,Johann Landen,Köln,1513,Latin,8o,Holy Roman Empire,1513,1510s
696216,De libris a sacra scriptura separatis et apocryphis testamentum novum totum ex Grecorum codicu fide juxta tertiam aeditionem Erasmi Roterodami diligenter recognitu et emendatu: cum aliis nonnullis novis: quorum tituli sunt. 1. De libris a sacra scriptura separatis et apocryphis ex Athanasio fragmentum: interprete Erasmo Roterodamo. 2.praefatio nova de philosophia evangelica. 3.canon Eusebii caes.jndicans quid iter evangelistas conveniat aut discrepet,,Friedrich Peypus,Nürnberg,1523,Latin,4o,Holy Roman Empire,1523,1520s
508076,"Terra pacis A true testification of the spirituall lande of peace; which is the spirituall lande of promyse, and the holy citee of peace or the heavenly Jerusalem; and of the holy and spirituall people that dwell therin: as also of the walking in the spirit, which leadeth therunto.","Niclaes, Hendrik",Nikolaus Bohmberg,Köln,1575,English,8o,Holy Roman Empire,1575,1570s
681971,"Dialectica, audomari talaei praelectionibus illustrata.","Ramus, Petrus",haer. Nikolaus II Episcopius,Basel,1577,Latin,8o,Swiss Confederation,1577,1570s
634622,Der todt ruckt das stüllein.,"Sachs, Hans",Valentin Neuber,Nürnberg,1555,German,4o,Holy Roman Empire,1555,1550s
613046,"Arithmeticae practicae methodus facilis, per gemmam Frisium medicum ac mathematicum.",Gemma Frisius,Abraham Lamberg,Leipzig,1591,Latin,8o,Holy Roman Empire,1591,1590s
691719,De divinis officiis libri duodecim. Cum indice rerum et verborum copiosissimo.,Rupertus Tuitensis,haer. Johann Quentel,Köln,1565,Latin,8o,Holy Roman Empire,1565,1560s
674391,"Epistolarum familiarum libri XVI. Ex Christophori longolii castigationibus recogniti et annotati, quibus haec accesserunt: Christophori hegendorphini annotationes marginales, quae principales locos explicant. Lemmata omnium epistolarum per gybertum longolium adiecta. In primi libri obscuriora loca alterius cuiusdam brevis explanatio. Illustrium virorum annotationes, in unam seriem quam commodissime digestae. Graecarum vocum luculenta interpretatio.","Cicero, Marcus Tullius",Johann I Gymnich,Köln,1535,Latin,8o,Holy Roman Empire,1535,1530s
567175,Mikulass Klaudian. Letha Božieho Tisycziho pietistého Sedmnaczteho. (=1517) Mapa království ceského oznacena C. V. K. 1518.,"Klaudyán, Mikuláš",Hieronymus Höltzel,Nürnberg,1518,Czech,Broadsheet,Holy Roman Empire,1518,1510s
640172,Von den newen Eckischen bullen unnd lugen,"Luther, Martin",Jörg Nadler,Augsburg,1520,German,4o,Holy Roman Empire,1520,1520s
636544,Die Deutsche Litania. Im thon vater unser im Himelreich.,"Freder, Johannes",Narziß Ramminger,Augsburg,1545,German,8o,Holy Roman Empire,1545,1540s
671413,"La Biblia, que es, los sacros libros del Vieio y Nueuo Testamento",,Samuel Apiarius,Basel,1569,Spanish,8o,Swiss Confederation,1569,1560s
657233,"Familiarium colloquiorum opus, ab autore postremum diligenter recognitum, emendatum, et locupletatum, adiectis novis aliquot lectu dignis colloquiis. Cum indice. Acceßêre iam nunc novae annotationes","Erasmus, Desiderius",Johann I Gymnich,Köln,1542,Latin,8o,Holy Roman Empire,1542,1540s
746693,Prognosticatio  Practica und Prenosticatione,"Lichtenberger, Johannes",Heinrich Steiner,Augsburg,[1525],German,4o,Holy Roman Empire,1525,1520s
661345,Massechet menachoth opus in quo de oblationibus farinaceis agitur. Nunc recognitum ac juxta mentem s.concilii Tridentini approbatum,,Ambroise Froben,Basel,1580,Hebrew,2o,Swiss Confederation,1580,1580s
606318,Urinarum probationes,"Willich, Jodocus",Sebastian Henricpetri,Basel,1582,Latin,8o,Swiss Confederation,1582,1580s
617664,Logices elementorum libri quatuor: quibus ad Aristotelis organum aditus aperitur.,"Curio, Coelius Secundus",Johann Oporinus,Basel,1567,Latin,8o,Swiss Confederation,1567,1560s
691487,Romischer zu Hungern und Behaim etc. Künigclicher Mayestat Ertzhertzogen zu Osterreich etc.ordnung und Reformation guetter pollicey in derselben Nideroesterreichischen lañden annoM.D.XXXXII. auffgericht.,,Johann I Singriener,Wien,1542,German,2o,Holy Roman Empire,1542,1540s
622489,"Chronicorum summa aucta & emendata. Continens acta quae ante mundum, in mundo, & post mundum agenda sunt. Mundi aetates. Septem sectas. Missae ornatores. Hierosolymitanos episcopos. Romanos pontifices omnes. Mundi regna, & primos reges. Romanorum reges, caesares, consules Francorum reges omnes. Venetorum duces, & formam creandi illos. Heluetiorum ortum. Miscellanea quaedam. Unà cum supputatione annorum, mensium et dierum regni eorum.","Kündig, Jakob",Jakob Kündig,Basel,1553,Latin,4o,Swiss Confederation,1553,1550s
632344,"Demosthenis Atheniensis orationes, olynthiacae tres, Philippicae quatuor, contra aristogitonem duae. Cum argumentis (libaniu) earundem, Graecè et Latinè separatim editae. Orationes Philippicae quattuor orationes contra aristogitonem duae",Demosthenes,Peter Braubach,Frankfurt am Main,1547,Greek,8o,Holy Roman Empire,1547,1540s
20750,Accort et capitulation faict entre le roy de Navarre et le duc de Cazimir ,,Oel boum Heugst,Strasbourg,1588,French,8o,Holy Roman Empire,1588,1580s
640506,Ein Christliche leichpredigt bey der leich des ehrnvesten weyland soldner Hauptmans Caspar Schallers,"Faber, Johannes",Thiebold Berger,Strasbourg,1582,German,4o,Holy Roman Empire,1582,1580s
633014,Der Deutsche catechismus,"Luther, Martin",haer. Valentin I Bapst,Leipzig,1562,German,8o,Holy Roman Empire,1562,1560s
680177,"Oratio de historia samsonis, composita et recitata a Hieronymo freidenbergio hyldesiano, cum in academia erfurdiana, primum philosophiae gradum, sub rectoratu domini Philippi junioris I.v. D. et sub decanatu communitatis philosophicae d.m. Johannis burggrafii, etc. Assumeret. Anno M.D.lXXV.4.nona: octob.","Freidenberg, Hieronymus",Georg I Baumann,Erfurt,1575,Latin,4o,Holy Roman Empire,1575,1570s
710887,Wunderbarlich Wunder,"Pramer, Jorg",Wolfgang Stöckel,Leipzig,[1515],German,,Holy Roman Empire,1515,1510s
699417,Trias romana welcher gern kurtz wyl wolte triben der laeß was ich von Rom thun schriben: durch drey ding wirt eüch offenbor Rom eygenschafft sag ich für wor. Ir tugent andacht geystlicheit die jetz verfuert d waelt weit und breit:,,Pamphilus Gengenbach,Basel,1520,German,4o,Swiss Confederation,1520,1520s
608167,Ablienung und gruendliche widerlegung der ubelgegruendten supplication so etliche der Augspurgischen Confeßion vermeinte verwandten umb einraumung einer oeffentlicher platz zu ihres glaubens exercitium einem hochachtparn und weisen rahtt der heyligen statt Coelln ubergeben haben jetzt auffs fleissigst corrigiert unnd gemehret,"Braun, Melchior",Gottfried von Kempen,Köln,1583,German,8o,Holy Roman Empire,1583,1580s
649517,"Carmen gratulatorium Johannis vogel Dresdensis elegia scripta venerandis viris, eruditione ac virtute praestantibus, ad diem XXIIII. Ianvarii, summa in artibus dignitate ornandis, suis amicis et condiscipulis carissimis. A Jacobo strasburgo Fribergensi. Ad eosdem carmen gratulatorium Johannis vogel Dresdensis.","Strasburg, Jakob",Hans I Rambau,Leipzig,1560,Latin,4o,Holy Roman Empire,1560,1560s
302634,At høre messe,"Pedersen, Christiern",Melchior I Lotter,Leipzig,1517,Danish,8o,Holy Roman Empire,1517,1510s
666674,"Institutio principis Christiani saluberrimis referta praeceptis, per Erasmum Roterodamum, cum aliis nonnullis eodem pertinentibus","Erasmus, Desiderius",Johann Froben,Basel,1516,Latin,4o,Swiss Confederation,1516,1510s
693628,Sermones dominicales per anni circulu: magistri Pauli wan: sacre pagie professoris eximii ecclesieque Patavisis verbi Dei concionatoris famosissimi: cu indice materiarum in iisd sermonibus contentarum,"Wann, Paul",Heinrich Gran,Haguenau (Augsburg,1517,Latin,2o,Holy Roman Empire,1517,1510s
695082,"Sub Divini Numinis patrocinio, has feudales conclusiones, Impetrato consensu Clarissimorum Ordinis Iuridici in celebri Basiliensi Academia Antecessorum, pro virili, publice exercitij gratia propugnare enitetur Apizius a Grunenbergk Marchicus. Fiet Disputatio sexto die Iunij, hora septima matutina, in Iureconsultorum Auditorio","Grünberg, Apicius von",haer. Johann Oporinus,Basel,1586,Latin,4o,Swiss Confederation,1586,1580s
611998,"Opera, quae extant, omnia: sine dubio non vulgarem utilitatem allatura grammaticen, dialecticen, rhetoricen & physica profitentibus: in utriusque enim linguae Graecae & Latinae autoribus loca hactenus non intellecta explicantur, mirabili ingenii judiciique acumine.",Antonius Urceus,Heinrich Petri,Basel,1540,Latin,4o,Swiss Confederation,1540,1540s
709999,"Subsequentes XXIIX. Conclusiones miscellaneas juris civilis & feudalis ... Pro gradu & privilegiis licentiae in utroq. Jure consequendis, publicè ... Defendet Joan. Ulricus Neuphart Reinhausanus, 28. Octobr.","Neufahrt, Johann Ulrich",Konrad Waldkirch,Basel,1594,Latin,8o,Swiss Confederation,1594,1590s
629231,"De civilitate morum puerilium per D. Erasmum libellus, ab autore recognitus et novis scholiis illustratus","Erasmus, Desiderius",Johann I Gymnich,Köln,1530,Latin,8o,Holy Roman Empire,1530,1530s
550076,"Divina favente Numine, praeside clarissimo viro, D. Io. Nicolao Stupano, Philosophiae & Medicinae Doctore, ac in celeberrima Basiliensium Academia Professore, Medicaeque Facultatis pro tempore Decano, has de motu & quiete Theses, ad 12 Kal. Martii, hora ac loco solitis, pro virili defendere conabitur Cunradus Minderer Schorndorfensis Wirtenbergicus","Stupanus, Johannes Nicolaus",Johann Oporinus,Basel,1585,Latin,4o,Swiss Confederation,1585,1580s
647500,Ein wunderbarlich gesicht von den Drachen auff dem gebirg den XXXIII. Tag des Weinmons gesehen. M.D.XXXIII.,"Glaser, Martin",Wolfgang I Meyerpeck,Zwickau,1533,German,4o,Holy Roman Empire,1533,1530s
862153,"Di Horatio Vecchi da Modena, piu e diversi madrigali e canzonette a 5, 6, 7, 8, 9, et 10 voci, per avanti separatamente iti in luce, et ora insieme raccolti","Vecchi, Orazio",haer. Dietrich Gerlach,Nürnberg,1594,Italian,,Holy Roman Empire,1594,1590s
667481,"Miscellaneorum juris civilis, libri sex, ad sapientissimos viros Petrum fabrum Jacobum fabrum ac michaëlem fabrum fratres illustrissimos. Adhibita diligenti correctione, et longè locupletiore indice addito.","Coras, Jean de",Dietrich Baum,Köln,1572,Latin,8o,Holy Roman Empire,1572,1570s
618086,"Carmen de beata piarum animarum conditione post hanc vitam, in memoriam optimae indolis pueri Laurentii heubt northusani, agnati sui dilectissimi, et in consolationem omnium bonorum, quibus pestis saeuitia propter suorum obitus acerbior accidit Adamus crato northu. F. Addita est et eiusdem funebris elegia, ad tumulum Christinae heubt virginis. Funebris elegia ad tumulum Christinae heubt virginis","Krafft, Adam",Hans I Rambau,Leipzig,1567,Latin,4o,Holy Roman Empire,1567,1560s
633794,Die ander predigt auff dem grossen Landtage zu Leiptzig des jars M.D.lIII. auff das fest Bartholome,"Sarcerius, Erasmus",Jakob Bärwald,Leipzig,1553,German,4o,Holy Roman Empire,1553,1550s
631813,"De veritate corporis et sanguinis Christi in eucharistia, per dominum D. iohannem roffensem episcopum, adversus Johannem oecolampadium. Aeditio prima.","Oekolampad, Johannes",Peter Quentel,Köln,1527,Latin,4o,Holy Roman Empire,1527,1520s
659786,"Geystlike leder und psalmen, uppet nye gebetert. Geystliker gesenge unde leder ein wolgeordenet bökelin","Luther, Martin",Hans Walther,Magdeburg,1540,German,8o,Holy Roman Empire,1540,1540s
676294,"Mnemosinon bibliorum memoriale, ubi exiguo labore totius bibliae, dempto psalterio et si non omnes, principaliores tamen, omnium tum librorum tum capitulorum materiae nec non sententiae memoriae tradi possunt. Mira industria compilatum.",Petrus aus Rosenheim,Johann I Singriener,Wien,1532,Latin,,Holy Roman Empire,1532,1530s
302604,En liden bog der det gantske christelige leffnet er kortelige befattet wdi nyttelig at haffue altid for oyen oc betracte.,"Melanchthon, Philipp",Hans Walther,Magdeburg,1543,Danish,8o,Holy Roman Empire,1543,1540s
626101,"Celeusma, id est: exhortatio mutvi operis, in re ecclesiastica, ad presbyteros tam superioris quàm inferioris capituli hagnoniensis.","Lorichius, Wilhelm",Maternus Cholinus,Köln,1568,Latin,8o,Holy Roman Empire,1568,1560s
552716,"Der fünffte Theyl schöner frölicher frischer alter und newer teutscher Liedlein mit fünff Stimmen nicht allein zu singen, sonder auch auff allen Instrumenten zu brauchen, bequem und ausserlesen. (Tenor)",,Johann vom Berg,Nürnberg,1556,German,8o oblong,Holy Roman Empire,1556,1550s
53110,Dictionarium undecim linguarum ,"Calepino, Ambrogio",Sebastian Henricpetri,Basel,1598,,2o,Swiss Confederation,1598,1590s
625846,"Czrikveni or d inalicz, kakosze upravoi katolitsaszkoi, krsztyans koi czrikvi, herczesztva vvirtemberszkoga, usze prave bosye szlusbe opra vliayu i szluse. Szad naiprvo v'hrvatszki yazik preo brachen i sstampan. Würtembergische Kirchenordnung in die Crabatische sprach vertiert unnd mit lateinischen buchstaben getruckt.",Christoph von Württemberg,Ulrich I Morhart,Tübingen,1564,Polish,8o,Holy Roman Empire,1564,1560s
649181,"Ein klaglied uber das Absterben deß wolgebornen Herren, Herren Hansen ungnaden Freyherren zu Sonneck","Engelhart, Leonhard",Ulrich I Morhart,Tübingen,1565,German,4o,Holy Roman Empire,1565,1560s
616983,Carmen ex rerum et artium inventoribus de rerum et artium inventoribus poema,"Sabellico, Marco Antonio",Melchior I Sachse,Erfurt,1539,Latin,8o,Holy Roman Empire,1539,1530s
410191,Dat niwe testament ons heeren Jesu Christi,,Hero Fuchs,Köln,1525,Dutch,8o,Holy Roman Empire,1525,1520s
668525,"Ivn. Juvenalis, et avli persii flacci satyrae. Satyrae satyrarum opus","Juvenalis, Decimus Junius",Nikolaus Brylinger,Basel,1546,Latin,16o,Swiss Confederation,1546,1540s
609595,Agenda rerum ecclesiasticarum secundum consuetum usum Mindensis diocesis: omni Christi ouium pastori summe necessaria.,,Melchior I Lotter,Leipzig,1522,Latin,4o,Holy Roman Empire,1522,1520s
415399,"Uthbildinge des minschen affal van Gode unde syner forderinge unde des minschen wederkeringe unde overgangk to Godt, dorch de gelove, hope, und liefte in Jesu Christo","Niclaes, Hendrik",Nikolaus Bohmberg,Köln,1576,Dutch,Broadsheet,Holy Roman Empire,1576,1570s
681349,Pars hyemalis postillae de tempore das ist: Außlegung der sontaeglichen und etlicher anderer Evangelien vom Advent an biß auffs h. Pfingstfest darinnen auff jedes Evangelion zwo drey oder etwann mehr predigen begriffen,Luis de Granada,haer. Johann Quentel,Köln,1588,German,,Holy Roman Empire,1588,1580s
620835,"Catonis precepta moralia recognita atque interpretata ab Erasmo Roterodamo. Reliqui vero libelli, qui catoni solent ab aliis coniungi, a nobis singuli in singulos libellos commodius seorsum distributi sunt.","Cato, Marcus Porcius",Melchior I Lotter,Leipzig,1518,Latin,4o,Holy Roman Empire,1518,1510s
614370,"Ausschreiben und ernstlich befehl des durchleuchtigen hochgebornen Fuersten und Herrn, Herrn Otthen Heinrichs Pfaltzgraff bey Rein Hertzogen in nider und Obern Bayern etc.","Ottheinrich, Pfalzgraf von Pfalz-Neuburg",Christian I Rödinger,Magdeburg,1542,German,4o,Holy Roman Empire,1542,1540s
630141,"De insignibus et symbolo reverendi et clarissimi viri dn. Simonis gedicci, theologiae licentiati; et dn. Joachimo Friderico, primatus ac archiepiscopatus Magdeburgensis administratori, marchiae Brandenburgensis et Borussiae duci, etc. à sacris concionibus et consiliis ecclesiasticis, carmina. In quibus de summi gradus in s.s. Theologia titulo et insignibus à collegio theologico, ad 14. Calend. Nouemb. Anni 1592. Gratulantur amici et collegae.","Tancke, Joachim",Michael Lantzenberger,Leipzig,1592,Latin,4o,Holy Roman Empire,1592,1590s
710042,"Theses argumentum restitutionum in integrum complectentes quas ex decreto amplissimi I. C. Ordinis, pro consequendis in jure civili & canonico insignibus doctoralib. In inclyta Basilea disputando propugnabit Joannes Gulielmus Durfeld, ad VIII. Diem Aprilis, loco solito & tempore","Dürfeld, Johann Wilhelm",Leonhard Ostein,Basel,1592,Latin,8o,Swiss Confederation,1592,1590s
645741,"Ein schön Christlich spiel, hecastus genannt","Macropedius, Georgius",Hans Daubmann,Nürnberg,1552,German,8o,Holy Roman Empire,1552,1550s
643685,"Ein grausame unnd erschrrockliche propheceyung oder weissagung uber Teutschland, Braband und Franckreich. Dise propheceyung ist gefunden worden inn Mastrich bey einem Gottsfrrochtigen mann nach seinem todt, anno 1585.","Friess, Wilhelm de",Samuel Apiarius,Basel,1587,German,4o,Swiss Confederation,1587,1580s
814514,Madrigali a sei voci libro terzo,"Biffi, Giuseppe ",Paul Kaufmann,Nürnberg,1600,Italian,,Holy Roman Empire,1600,1600s
627747,Das narren Giessen. Ein kuertzweylig faßnacht spyl wie zu Colmar von einer burgerschafft gespylt worden ist an der Herren faßnacht in dem jar M.D.XXXVII.,"Wickram, Jörg",Jobst Gutknecht,Nürnberg,1541,German,8o,Holy Roman Empire,1541,1540s
302089,Bedebog,,Hans Walther,Magdeburg,1531,Danish,8o,Holy Roman Empire,1531,1530s
206,L'histoire du tumulte d'Amboyse ,"Hotman, François",Jean Neale,Strasbourg,1560,French,8o,Holy Roman Empire,1560,1560s
660327,"Grammatica Graeca a Philippo Melanch. Iam denuo reconita, atque multis in locis locupletata.","Melanchthon, Philipp",Peter Braubach,Frankfurt am Main,1541,Latin,8o,Holy Roman Empire,1541,1540s
680221,"Oratio de instavratione studii theologici, in academia Witebergensi, ad eam puritatem doctrinae coelestis, in qua, vivente D. Luthero, doctores sacrarum literarum pie consenserunt. Recitata Witebergae XXV. Aprilis anno M. D. LXXVII. Per Jacobum Andreae d.","Andreae, Jakob",Hans I Rambau,Leipzig,1577,Latin,8o,Holy Roman Empire,1577,1570s
78037,"Vocabularius latinis, gallicis et theutonicis verbis scriptum",,Martin Flach,Strasbourg,1521,French,,Holy Roman Empire,1521,1520s
421529,"Corte verantwoordinghe, oft bescherminghe der confessien oft bekintenisse des gheloofs der christelijcken ghemeinten van Antwerpen, der Aussborchscher confessien toegedaen, tegen het venijnich schimpboeck Wilhelmi Lindani",,Barthomomaeus Franck sumpt. Johann Oporinus,Basel,1567,Dutch,8o,Swiss Confederation,1567,1560s
807733,"Dialogo di Giacopo Riccamati Ossanese nel quale in proposito del giorno del giudicio alcune cose si considerano che chiunque non le ha dinanzi agli occhi & molto bene impresse nell'animo in euidentissimo pericolo sta della salute sua, & sopra tutti gli altri i prencipi e magistrati","Aconcio, Giacomo ",Pietro Perna,Basel,1558,Italian,8o,Swiss Confederation,1558,1550s
649638,"Elementale in Graecas literas introductorium. Hieronymi aleandri mottensis de eisdem tabulae. Quaedam non inutilis in Graecorum nominum et verborum declinationes introductio. Ad calcem praeterea est adiecta explanatio abbreviationum, quae in Graecis admodum sunt familiares. Tabulae tabulae Graecarum musarum",,Eucharius Cervicornus,Köln,1519,Greek,4o,Holy Roman Empire,1519,1510s
412648,"Copie. Placcaet op t'verhoogen vande goude ende silvere munte, loophebbende inde landen van herwaertsover",,Nikolaus Bohmberg,Köln,1577,Dutch,8o,Holy Roman Empire,1577,1570s
705006,Warhaffte verantwurtung: an die Roe.kaey. und Koen. May. und andere deß Hailigen Roe. Reichs Stende und de Herrn Christoffen Bischoffen zu Augspurg unnd seiner F.G.thum capitul auff der Burgermaister und ratgeben daselbst unerfindtlich schmach gedicht newelicher zeyt im druck außgangen gestellet.,"Christoph von Stadion, Bischof von Augsburg",Andreas Cratander,Basel,1537,German,4o,Swiss Confederation,1537,1530s
642718,"Ein Christlich bedencken von dem gemeynen geschrey so man yetzt außgibt, das man nyemandts soll leyden unnd gedulden der nit in allem ohne alle widerred Baepstisch oder Lutherisch ist","Maior, Georg",Hans Gengler,Augsburg,1558,German,4o,Holy Roman Empire,1558,1550s
604691,Vonn dem houptwee,"Pictorius, Georg",Heinrich Petri,Basel,1553,German,8o,Swiss Confederation,1553,1550s
608089,Aller practic grosmuter. Die dickgeprokte Pantagruelinische btrugdicke prokdik oder pruchnastikaz durch den volbeschiten maeusstoerer winhold alcofribas wüstblutus von aristephans nebelstatt jzund alles aufs neue ergenzt und besprenzt.,"Fischart, Johann",Bernhard Jobin,Strasbourg,1574,German,8o,Holy Roman Empire,1574,1570s
682678,Paraphrasis oder Erklaerung des gantzen Neüwen Testaments. Hierinn findt der Christenlich laeser den gantzen text des Neüwen Testaments mit sampt der gloß,"Erasmus, Desiderius",Christoph I Froschauer,Zürich,1542,German,2o,Swiss Confederation,1542,1540s
681958,"Epistolae tres p. Ovidii nasonis opera, quae extant, omnia tributa in tomos tres, quorum primo continentur heroidum epistolae. Amorum libri III. De arte amandi libri III. De remedio amoris libri II. Unà cum aliis quibusdam poëmatis omnia castigatiora ex postrema Jacobi micylli recognitione, et recensione nova Gregorii bersmanni editio tertia priore aliquot locis auctiors)","Ovidius Naso, Publius",Abraham Lamberg,Leipzig,1596,Latin,8o,Holy Roman Empire,1596,1590s
664014,"Homiliae XXii· d· Joannis brentii, iam olim quidem, sub incursionem Turcarum in Germaniam, ad populu dicte, tanta vero pietate, tantoque studio de Christianis oibus bene merdi scriptae, ut omnibus omnium temporum Christianis mirificè sint profuturae. Item, exhortatio ad preces contra Turcam, d.mart. Luth. Vermahnung zum gebet wider den türken","Brenz, Johannes",Peter Braubach,Frankfurt am Main,1546,Latin,8o,Holy Roman Empire,1546,1540s
604956,Liber vexationum. Kunst und Natur der Alchimia durch siben gegründte Regeln gegen den siben gemeinen Metallen zugericht,Paracelsus,Samuel Apiarius,Basel,1567,German,8o,Swiss Confederation,1567,1560s
605170,Regimen sanitatis,,Pamphilus Gengenbach,Basel,1513,German,4o,Swiss Confederation,1513,1510s
632143,"Defensio doctrinae veteris & apostolicae de sacrosancto eucharistiae sacramento, D. Petri martyris vermilii, Florentini, divinarum literarum in schola tigurina professoris, in quatuor distincta partes,adversus Stephani gardineri, quondam vuintonieñ.episcopi,librum, quern ille primum quidem sub huiusmodi titulo edidit, confutatio cauillationum accesserunt indices duo","Vermigli, Pietro Martire",Christoph I Froschauer,Zürich,1559,Latin,2o,Swiss Confederation,1559,1550s
706792,Widerruff. Welcher in zeit er zu Capodistria Bischof gewesen zweymal in das Teütsch land von dem Bapst ist gesandt worden,"Vergerio, Pietro Paolo",Ulrich I Morhart,Tübingen,1558,German,8o,Holy Roman Empire,1558,1550s
752971,Die figur sol man anschawen.  Die bedewtet ein wetse frawen,,Wolfgang Resch,[Nürnberg],[1525],German,Broadsheet,Holy Roman Empire,1525,1520s
652287,"Epithalamia, ad festivitatem nuptiarum humanissimi, pietate, erudita doctrina et virtutibus ornatiss: viri, dn: Andreae mylii glauchensis, bonarum artium magistri, sponsi, et sabinae Pauli schefleri, consulis olim in repub: lichtensteinensi viduae, iterum sponsae, scripta ab amicis. Vii. Calend. Sextileis, M. D. XXCVi.","Lemmel, Paul",Georg Deffner,Leipzig,1586,Latin,4o,Holy Roman Empire,1586,1580s
667102,"Lucubrationes, vel potius absolutissima kyklopaídeia: nempe liber de ratione studii, utriusque linguae grammatice, dialectice, rhetorice mathematice, & sublimioris philosophiae multa","Ringelberg, Joachim Sterck van",Bartholomaeus Westheimer,Basel,1538,Latin,8o,Swiss Confederation,1538,1530s
702730,Von boesen falschen zungen.,"Huberinus, Caspar",Hans Daubmann,Nürnberg,1550,German,8o,Holy Roman Empire,1550,1550s
696184,Tes kaines diathekes hapanta. Novi testamenti omnia.,,Johann Bebel,Basel,1531,Greek,8o,Swiss Confederation,1531,1530s
819471,"Correttione d'alcune cose del Dialogo delle lingue di Benedetto Varchi, et una giunta al primo libro delle prose di m. Pietro Bembo dove si ragiona della vulgar lingua fatte per Lodovico Castelvetro","Castelvetro, Lodovico",Pietro Perna,Basel,1572,Italian,4o,Swiss Confederation,1572,1570s
690146,Reformacion der stat Nüremberg,,Friedrich Peypus,Nürnberg,1522,German,2o,Holy Roman Empire,1522,1520s
661324,"[Hebrew] bav ^cam ^ opus, in quo de damnis tam ab hominibus quam a brutis illatis agitur. ^ marco marino brix. Can. Regul. D. Servatoris ab omnibus iis, quae contra religionem Christianam faciebant, recognitum",,Ambroise Froben,Basel,1578,Hebrew,,Swiss Confederation,1578,1570s
710888,"Von Sant Meinrat ein Lesen, was Elend und Armut er erlitten hat","Meynradus, S",Michael Furter,Basel,[1507-12],German,,Swiss Confederation,1507,1500s
668097,"Euagoras isokratus nikokles. E symmachikos. Isocratis nicocles vel avxiliaris, in qua oratione disertißimè et prudentißimè de subditorum erga magistratum et rempub. Officio, sub persona nicoclis regis disserit Isocrates.tu autu euagoras. Eiusdem euagoras, oratio elegantissima de virtutibus rebusque praeclarè gestis euagorae.",Isocrates,Johann III Gymnich,Köln,1575,Greek,8o,Holy Roman Empire,1575,1570s
644921,"Ein new geistlich lied o reycher Got im throne. In dem thon, froelich so wil ich singen. Der sequentz von der heyligen dreyfaltigkeyt",,Valentin Neuber,Nürnberg,1550,German,8o,Holy Roman Empire,1550,1550s
553408,"Sacrae cantiones, vulgo motecta appellatae, quinque vocum, tum viva voce, tum omnis generis instrumentis cantatu commodissimae. Bassus","Lassus, Orlande de",Dietrich Gerlach,Nürnberg,1575,Latin,4o oblong,Holy Roman Empire,1575,1570s
662379,"Hesiodi ascraei poema inscriptum erga kai hemerai, id est, opera & dies. Accedunt in idem brevia scholia Jacobi ceporini, per Joannem Frisiu tigurinum denuò aucta: enarrationes item luculentissimae unà cum praefatione Philippi Melanchthonis. Adiecta est etiam recens Latina interpretatio Joannis Frisii,",Hesiodus,Christoph I Froschauer,Zürich,1561,Latin,8o,Swiss Confederation,1561,1560s
648382,Eine trostpredigt,"Mathesius, Johannes",Dietrich Gerlach,Nürnberg,1573,German,8o,Holy Roman Empire,1573,1570s
603,"Discours chrestiens sur le fait de la religion presentez à tres-haut et tres-puissant seigneur, monseigneur le Prince de Condé ","P., C. P.",Pierre Estiard,Strasbourg,1567,French,8o,Holy Roman Empire,1567,1560s
634649,"Der veldbaw, oder das buch von der veldtarbeyt.",Cassianus Bassus,Samuel Emmel,Strasbourg,1567,German,8o,Holy Roman Empire,1567,1560s
654431,"Elementorum liber primus. Heronis Alexandrini vocabula geometrica: antehac nunquam edita: Graecè et Latinè: per cunradum dasypodium, in usum academiae Argentinensis. Vocabula geometrica",Euclides,haer. Christian I Müller,Strasbourg,1570,Greek,8o,Holy Roman Empire,1570,1570s
442406,"Dictionarium linguarum septem, in quo respondent Latinis vocabulis, Graeca, Italica, Gallica, Hispanica, Germanica, Belgica","Calepino, Ambrogio",Sebastian Henricpetri,Basel,1570,,2o,Swiss Confederation,1570,1570s
648862,El primero volumen de las vidas illustres y excellentes varones griegos y romanos pareadas,Plutarchus,Augustin Fries,Strasbourg,1551,Spanish,2o,Holy Roman Empire,1551,1550s
678787,"Nuptiarum laudatio, quae Graecis est epithalamion. Honesto et ornatiss. Juveni Paulo mentzelio, civi et amico svo colendo, sponso, et virgini gertrudi, sponsae Sebastiani grunvvald, civis Lipsensis relictae filiae. Composita à thoma sigefrido Lipsico.","Sigfrid, Thomas",Hans I Rambau,Leipzig,1568,Latin,4o,Holy Roman Empire,1568,1560s
653853,Es soll fuerohin alle Sontage so lange das itzige angestelte Concilium weret im Stifft inn allen Pfarkirchen ein sondere vermanung auff der cantzel dem Volck fuergelesen werden wie volget.,,Barbara Sachse,Erfurt,1552,German,,Holy Roman Empire,1552,1550s
618001,"Capita doctrinam de confessione verae fidei, usitata methodo complectentia, in quibus, quae ad naturam et conditionem illius faciunt, perspicuè explicantur. Proposita, ut de illis, Christo avxiliante, placida et amica collatio instituatur, ad diem 13. Julii in auditorio theologico. Praeside burchardo harbart, s. Theologiae D. Et professore publico.","Harbart, Burchardus",Abraham Lamberg,Leipzig,1599,Latin,4o,Holy Roman Empire,1599,1590s
709936,"Pro insigniis ac privilegiis, in I.u. Consequendis, has de consuetudine theses proponit Henricus Foller Borussus, ad diem 21. Decembr.","Foller, Heinrich",Leonhard Ostein,Basel,1587,Latin,8o,Swiss Confederation,1587,1580s
676340,Modus schribendi pro lrans alphabeti distinctus grammatistis omnibus utilis et fructuosus.,"Monteleone, Francesco",Jakob Thanner,Leipzig,1508,Latin,4o,Holy Roman Empire,1508,1500s
601196,Selectarum praeceptionum de agricultura,Cassianus Bassus,Hieronymus I Froben,Basel,1538,Latin,8o,Swiss Confederation,1538,1530s
623209,Compendiaria dialectices ratio,"Melanchthon, Philipp",Hero Fuchs,Köln,1522,Latin,8o,Holy Roman Empire,1522,1520s
652710,Etliche sunderliche fleisige (nachgeschener vor Ka. Ma. Antworth) handlung in docto: Martini Luthers sachen durch geystliche unnd weltliche Furstenn des Reichs,,Matthes Maler,Erfurt,1521,German,4o,Holy Roman Empire,1521,1520s
706911,Wie junge und alte leüt recht betten sollen ein schlechte einfeltige underrichtung,"Culmann, Leonhard",Jobst Gutknecht,Nürnberg,1536,German,8o,Holy Roman Empire,1536,1530s
411179,"Prognosticatie. Van acht jaren, namelick vanden jare M.D.Lxxxj. tot datmen schrijven sal M.D.Lxxxviii","Ursinus, Georg",Peeter Gevaertsz,Erfurt (=Homberg),1580,Dutch,4o,Holy Roman Empire,1580,1580s
607135,Propositiones de Melancholia quas pro Doctoratus in arte Medica gradu & privilegiis consequendis publice defendendas proponit Cosmus Borneman Stadensis Saxo. Ad diem 17. Iunii,"Bornemann, Cosmas",Konrad Waldkirch,Basel,1594,Latin,4o,Swiss Confederation,1594,1590s
687971,Protestation der Catholischen so die Bündtnuß wider die Koenigliche Mt: in Franckreich nit underschriben haben.,,Michael Manger,Augsburg,1585,German,4o,Holy Roman Empire,1585,1580s
697189,"Theses de pestilentia. Pro quibus, praeside Philippo scherbio, publicè disputabit Gregorius Petrus bersmanus, in inclyta Noribergensium academia altorfina. A. D. Decembr. Jul. Anni M.D.xcix.","Scherbe, Philipp",Paul Kaufmann,Nürnberg,1599,Latin,4o,Holy Roman Empire,1599,1590s
553740,Canzonette a quatro voci  (Altus),"Hassler, Hans Leo",Katharina Gerlach,Nürnberg,1590,,4o,Holy Roman Empire,1590,1590s
412837,Van de verborghen eewicheit Christi. Oock: een eeuwich testament dat de Siel metter wesen Godts maecket,"Barrefelt, Hendrik Jansen",Augustijn van Hasselt,[Köln],1592,Dutch,8o,Holy Roman Empire,1592,1590s
628549,"De aedilitio redhibitione et quanto minoris, nec non de evictionibus et duplae stipulatione, praesidibus D. marsilio koch et Henrico wißveldt I.v.ll. Dictatore et fisco, in celeberrimo, ubiorum agrippinensium almae universitatis I.c. Collegio, publicè respondebit, Joannes zur nedden lunensis vv.anno humanae redemptionis M. D. LXXXIX. Die 11. August.","Koch, Marsilius",Johann III Gymnich,Köln,1589,Latin,4o,Holy Roman Empire,1589,1580s
625656,Cosmographia. Bschreibug aller lender,"Münster, Sebastian",Heinrich Petri,Basel,1546,German,2o,Swiss Confederation,1546,1540s
669733,Kellermaysterey. Gründtlicher bericht wie man alle wein Teütscher und Welscher landen vor allen zufallen bewaren und alle andere getranck machen soll gezogen auß den fürnemesten buechern natürlicher künsten,,Valentin Otmar,Augsburg,1548,German,4o,Holy Roman Empire,1548,1540s
661353,"Massecheth macoth opus in quo agitur, de verberum multa, qua rei animadvertendi sunt. Nunc ab omnibus iis quae contra religionem Christianam faciebant, expurgatum",,Ambroise Froben,Basel,1579,Hebrew,2o,Swiss Confederation,1579,1570s
667945,"Iodoci ammanni, civis noribergensis. Charta lusoria, tetrastichis illustrata per ianum Heinricum scroterum de gustrou, megapolitanum, equitem, et p.l. Caesareum. Kuenstliche und wolgerissene figuren in ein new kartenspiel durch den kunstreichen Jost amman burger in Nuernberg jetzund erst new an tag geben. und mit kurtzen lateinischen und Teutschen verßlein illustrirt.","Schröter, Johann Heinrich",Leonhard Heußler,Nürnberg,1588,German,4o,Holy Roman Empire,1588,1580s
632029,Declamatio de tribus fratribus ebrioso: scortatore et lusore. Germania Jacobi wimpffelingii ad rempublicà argeñ. Ad universitat Heydelbergeñ oratio ja.wimpfe. S. De annutiatione angelica. Germania oratio de annuntatione angelica,"Beroaldo, Filippo",Johann I Prüß,Strasbourg,1501,Latin,4o,Holy Roman Empire,1501,1500s
680172,"Oratio de gloria ecclesiae, recitata à victorino strigelio cum ad munus docendi anno Christi 1562. Mense maio vocatus esset.","Strigel, Victorinus",Hans I Rambau,Leipzig,1562,Latin,4o,Holy Roman Empire,1562,1560s
671568,"Las vidas de dos illustres varones, cimon griego, y lvcio lucullo romano, puestas al paragòn la una de la otra, escritas primero en lengua griega por el Grave philosopho y verdadero historiador Plutarcho de cheronea, y al presente traduzidas en estilo castellano",Plutarchus,Johann Oporinus,Basel,1547,Spanish,4o,Swiss Confederation,1547,1540s
611993,"Rerum Ungaricarum decades quatuor, cum dimidia. Quarum tres priores, ante annos XX, Martini brenneri bistriciensis industria editae multis in locis emendatiores: quarta verò decas, cum quinta dimidia, nunquam antea excusae, Joann.sambuci tirnauiensis, caes. Maiest.historici, &c.opera ac studio nunc demum in lucem proferuntur: unà cum rerum ad nostra usque tempora gestarum appendicibus aliquot","Bonfini, Antonio",Bartholomaeus Franck,Basel,1568,Latin,2o,Swiss Confederation,1568,1560s
657515,"Finitiva scriptis e canonicis decisio, ab apostolorum prouenire consuetudine, populo sub panis tantum specimine sacram synaxim esse tribuendam","Monsenus, Johannes",Jaspar von Gennep,Köln,1546,Latin,4o,Holy Roman Empire,1546,1540s
659034,"Geldro:gallica conjuratio in totius Belgicae clarissimam civitatem antverpiam,duce Martino rosheymio, conscripta ad prudentissi. Uigilantiss. Coss.senatumque antuerpien.","Knaap, Jan",Heinrich Steiner,Augsburg,1544,Latin,8o,Holy Roman Empire,1544,1540s
625303,Copey eynes brieffes so miser Johann Baptista de grimaldo seynem vettern ansaldo de grimaldo unnd andern edlen gen genua auß Hyspanien zugeschriebenn hat.,"Grimaldi, Giambattista",Heinrich Steiner,Augsburg,1529,Latin,4o,Holy Roman Empire,1529,1520s
508067,"Evangelium regni.  A ioyfull message of the kingdom, published by the holie spirit of the love of Jesu  Christ, and sent-fourth unto all nations of people, which love the trueth in Jesu  Christ","Niclaes, Hendrik",Nikolaus Bohmberg,Köln,1575,English,8o,Holy Roman Empire,1575,1570s
677845,Newe Zeytung eines edict und auszschreiben desz Koenigs Philippi auß Hispanien welches innhaltet ein verbott das niemandt sich auff das meer lasse zu faren oder zu schiffen über die marcken und grentzen des Niderlandts ohne kriegsrüstung und fürsehung einer guten anzal volcks sich zu wehren wider die reuber unnd dieben des meers: auch nicht zu handlen mit einichen Engellenderen und alle dise ding so vil unnd so lang biß das durch ir Koenigkliche Majestat anderst geordnet wirt.,,Samuel Apiarius,Basel,1569,German,4o,Swiss Confederation,1569,1560s
606361,"Gynaeciorum, hoc est de mulierum tum aliis tum gravidarum parentium et puerperarum affectibus et morbis libri","Wolf, Caspar",Thomas Guarin,Basel,1566,Latin,4o,Swiss Confederation,1566,1560s
693896,Sibylla weyssagunge von Christo und der letsten zukunfft was sich vor dem Jüngsten Tag zutragen werde zu disen gefahrlichen und letsten zeiten gantz notwendig zu lesen und zu hoeren.,Sibylla,Samuel Apiarius,Basel,1574,German,8o,Swiss Confederation,1574,1570s
661034,Grundtliche unterrichte: was eyn frommer Christen von der heyligen Kirchen von der vetern lere und heyligen schrifft halten sol aus Goettlichen schrifften getzogen und beweret,"Mensing, Johannes",Jakob Thanner,Leipzig,1528,German,4o,Holy Roman Empire,1528,1520s
697726,"Theses ex tit. Ff. Et C. De actione ad exhibendum. Quas Dei omnipotentis avxilio, praesidio vero clarissimorum consultissimorumque virorum D. Johannis michaëlis cronenburgeri, et D. Joannis hollandt, ss. Ll. Licent. Dictatoris et fisci, in celeberrimo juridicae facultatis academiae Coloniensis collegio, pro laudabili et recepta consuetudine publicè disputandas proponit ac defendet. Theodorus zum sande monasteriensis. Anno M. D. LXXXXi. XXIII. Nouemb.","Cronenburger, Johann Michael",Peter Keschedt,Köln,1593,Latin,4o,Holy Roman Empire,1593,1590s
668868,Jhesus. Wilche person verpotten synd zcu ehlychen yhn der heyligenn schrifft beyde der frundschafft unnd mogschafft.,"Luther, Martin",Matthes Maler,Erfurt,1522,German,4o,Holy Roman Empire,1522,1520s
553138,"Il primo libro delle canzonette à sei voci per cantar et sonare, insieme con alcune latine, una todesca, et una battaglia, da lui novamente composte, e date in luce. (Discantus)","Biffi, Gioseffo",Paul Kaufmann,Nürnberg,1596,,4o oblong,Holy Roman Empire,1596,1590s
623789,"Compendium grammaticae Graecae Jacobi ceporini, ex postrema authoris editione, nunc primum opera iohannis Frisii tigurini castigatum & auctum.","Ceporinus, Jacob",Christoph I Froschauer,Zürich,1560,Greek,8o,Swiss Confederation,1560,1560s
661184," boni ominis et testandi amoris ergo, lectissimis et doctissimis quator juvenibus scriptae. Iodoco frisch Noribergensi. Mathiae gellero Noribergensi. Johanni vischero paunachcensi. Johanni schlavvegio Noribergensi. Cum philosophiae lauream adepti magistri crearentur",,Christoph Lochner,Nürnberg,1598,Hebrew,4o,Holy Roman Empire,1598,1590s
13354,Suite de l'academie francoise ,"La Primaudaye, Pierre de",Philemon de Hus,Basel,1587,French,8o,Swiss Confederation,1587,1580s
663456,"Historiarum et chronicorum totius mundi epitome, nunc denuo quàm accuratißimè turn emendata, turn ab ipsomet autore diligentißimè aedita.","Gasser, Achilles Pirmin",Kraft Müller,Strasbourg,1538,Latin,8o,Holy Roman Empire,1538,1530s
696178,"Tes kaines diathekes hapanta novum D. N. Jesu Christi testamentum, a Theodoro beza versum, ad veritatem Graeci sermonis è regione appositi: cum eiusdem annotationibus, in quibus ratio interpretationis redditur. Aditi sunt indices tres",,Johann Oporinus,Basel (Genève,1559,Greek,2o,Swiss Confederation,1559,1550s
613574,"Assertio Christiana, quod per sanguinem, mortem et obedientiam Christi Jesu filii hominis, omnes credentes justificentur. Contra novam et antichristianam sectam osiandristarum, qui essentiali et aeternae Dei justicie peccatoris justificationem, ita propriè attribuunt, ut Christo homini eam prorsus adimant. Sebaldus heiden.","Heyden, Sebald",Johann vom Berg,Nürnberg,1555,Latin,8o,Holy Roman Empire,1555,1550s
553460,Newe teutsche lieder zu drey stimmen nach art der welschen villanellen gantz kurtzweilig zu singen auch auff allerley seytenspil zu gebrauchen (Discantus),"Lechner, Leonhard",Nikolaus Knorr,Nürnberg,1577,German,4o,Holy Roman Empire,1577,1570s
612844,"Aristologia euripideie hellenikolatine. Aristologia Euripidea Graecolatina. Hoc est, quicquid in euripide, tragicorum principe, memorabile est: sententiae gravissimae, & doctrinae de totius vitae honesta & utili gubernatione argumenta quoque singulis tragoediis, secundum historiae & fabularum ordinem, praemissa sunt. A' Michaele neandro sorauiensi.",Euripides,Johann Oporinus,Basel,1559,Greek,4o,Swiss Confederation,1559,1550s
703662,Von der rechtfertigung besonder der wercke ein warer Christlicher underricht.,"Hillebrant, Michael",Wolfgang Stöckel,Dresden,1534,German,4o,Holy Roman Empire,1534,1530s
552674,"Tomus tertius Psalmorum selectorum, quatuor et plurium vocum. (Bassus)",,Johann vom Berg,Nürnberg,1553,German,8o oblong,Holy Roman Empire,1553,1550s
612648,Appellation der eelichen priester von der vemaynten excommunication dz hochwirdigen Fuersten Herrn Wilhelmen Bischoffen zu Straßburg. Beschehen auff zynstag nach quasi modo. Darin auch entdeckt wirt das geschwinde fuernemen des gegentayls.,"Zell, Matthäus",Jörg Nadler,Augsburg,1524,German,4o,Holy Roman Empire,1524,1520s
688610,Sechs verteutschte comedien auß eygen angeborner lateinischen spraach auffs trewlichst transferiert.,"Terentius Afer, Publius",Ulrich I Morhart,Tübingen,1540,German,4o,Holy Roman Empire,1540,1540s
508069,"Revelatio Dei The revelation of God, and his great propheatie: which God now; in the last daye; hath shewed unto his elect.","Niclaes, Hendrik",Nikolaus Bohmberg,Köln,1575,English,8o,Holy Roman Empire,1575,1570s
620520,"Catechismus minor, Latinograecus, cum explicatione orthodoxa, et lucida. Precationes et cantiones quaedam sacrae, unà cum legibus scholae Argentinensis. Leges collegii anni 1538 latae leges scholae Argentinensis",,Samuel Emmel,Strasbourg,1568,Greek,8o,Holy Roman Empire,1568,1560s
646580,Ein schon maister gesang wie die groß und mehtig stat Troya zerstört wardt durch die schönen Künigin Helena auß kriechen landt. In des regenbogen langen thon.,"Nunnenpeck, Lienhard",Jobst Gutknecht,Nürnberg,1521,German,8o,Holy Roman Empire,1521,1520s
667055,"Ad Ludovicum patrem, V. Clariss. etc. Pro fide catholica, ac suo ad eam accessum, epistola apologetica.","Rabe, Johannes Jakob",Maternus Cholinus,Köln,1570,Latin,8o,Holy Roman Empire,1570,1570s
651988,"Epithalamion clari juvenis Georgii ziglii francfordiani, & honestae virginis salomae mutschlin, per Abrahamum loescherum.","Loescher, Abraham",Johann Oporinus,Basel,1549,Latin,4o,Swiss Confederation,1549,1540s
78255,"Dictionarius Latinisch, Frantzösisch uund Teütsch",,Johann Wagner,Köln,1568,,,Holy Roman Empire,1568,1560s
662052,"Catalogus, imperatorum, regum, ac virorum illustrium, qui artem astrologicam amarunt, ornârunt et exercuerunt: quibus addita sunt testimonia, quae ostendunt elementa, et quae ex his Constant corpora, perpetuò affici à corporibus coelestibus: atque ab horum diverso positu, varias et diversas actiones tum fieri, tum hominibus denunciari. Item: astrologicae quaedam praedictiones verae ac mirabiles omnium temporum adiectus est praeterea tractatus, de annis climactericis, et periodis imperiorum, unà cum variis exemplis illustrium virorum, qui annis illis mortem obiêre olim ab autore illo collecta, et nunc denuò revisa, exemplis multis aucta, et in meliorem ordinem redacta, ac iterum à theophilo syluio edita","Rantzau, Henrik",Georg Deffner,Leipzig,1584,Latin,4o,Holy Roman Empire,1584,1580s
616596,Biblia cum concordantiis veteris et Novi Testamenti sanctus Hieronymus interpres biblie,,Anton I Koberger,Nürnberg,1501,Latin,2o,Holy Roman Empire,1501,1500s
654955,"Ex decreto et auctoritate amplissimi jureconsultorum ordinis, in celeberrima Basiliensium academia, laureae doctoralis in jure civili consequende gratia, theses subsequentes, ex l. Admonendi. Ff. De jureiurando. & l. In actionib. Ff. De in litem jurando, collectas defendere conabitur solinus ab eysingha Frisius occidentalis. Disputabuntur in jureconsultorum auditorio XXIIII. Die mensis junii, hora et loco consuetis.","Eysinga, Juw van",haer. Johann Oporinus,Basel,1585,Latin,4o,Swiss Confederation,1585,1580s
609710,Ain Christenlich lied. Des bewainlchen tod. Caspar Taubers genant. Burger zu Wienn ins bruder veitten thon gedicht im jar. M d XXV.,,Melchior Ramminger,Augsburg,1528,German,8o,Holy Roman Empire,1528,1520s
3760,Briefve et claire confession de la foy chrestienne ,"Garnier, Jean",Jacques Estanges,[Basel],1551,French,8o,Swiss Confederation,1551,1550s
672442,"Lexicon trilingve, ex thesauro Roberti Stephani, et dictionario Joannis Frisii summa fide ac diligentia collectum: et auctum cum praefatione Joannis Sturmii.",,Theodosius Rihel,Strasbourg,1587,,2o,Holy Roman Empire,1587,1580s
658945,Geistliche lieder und psalmen,,Melchior II Sachse,Erfurt,1565,German,8o,Holy Roman Empire,1565,1560s
624046,"Concilium sacrosanctum domini nostri Jesu Christi, angelorum, apostolorum, prophetarum, regum, episcoporum, et doctorum excellentium in ecclesia Dei catholica: in quo demonstratur, quomodo poßit ac debeat pereunti populo Christiano succurri per legitimam ecclesiae reformationem. Decreta sacrosancti concilii, que formulam absolutior? ostendunt legitimae reformationis regis sapientissimi solomonis sermo de sapientia vera, et Christianae institutione qu? philo ebraeus, mosaicae, et Christianae, et gentilis philosophiae peritißimus, Graeca paraphrasi interpretatus est. Quae Theodorus bibliander scripsit, illustrauit scholiis, publicauit, studio juuandi Christianam rempublicam. Decreta sacrosancti concilii quae formulam absolutiorem ostendunt legitimae reformationis regis sapientissimi Salomonis sermo de sapientia vera et Christiana institutione sapientia","Bibliander, Theodor",Johann Oporinus,Basel,1552,Latin,8o,Swiss Confederation,1552,1550s
661199,"Dictionarium Hebraicum, ultimo ab autore Sebastiano Munstero recognitum, et ex rabinis, praesertim ex radicibus David kimhi, auctum et locupletatum.","Münster, Sebastian",Hieronymus I Froben,Basel,1564,Hebrew,8o,Swiss Confederation,1564,1560s
681661,"Ordnung wie es soll mit dem Gottesdienst und des selben dienern in der Pfarrkirchen der stat Elbogen gehalten werden durch Herren Sebastian Schlick Graffen zu Passaw, Herren zu Weyßkirchen unnd Elbogen etc. Mit sampt dem ratt daselbst und irer gemain in Christo beschlossen unnd auffgericht.","Sebastian Schlick, Graf von Elbogen",Heinrich Steiner,Augsburg,1523,German,4o,Holy Roman Empire,1523,1520s
65151,Dictionarium octo linguarum ,"Calepino, Ambrogio",Sebastian Henricpetri,Basel,1584,,2o,Swiss Confederation,1584,1580s
630379,"De linguarum utilitate, necessitate, amplitudine et dignitate, progymnasma Davidicum, ostendens, qua methodo pietatis semina, in linguis quatuor principibus in scholis vulgò theologorum et philosophorum informata, exerceri sint solita. Publicè inscriptum et dedicatum, a justo schriccio huxariano.","Schrick, Justus",Johann Beck,Erfurt,1589,Latin,4o,Holy Roman Empire,1589,1580s
662775,De religione lib.III. In gualterum haddonum anglum: supplicum libellorum magist. Apud Elizabetham Angliae reginam. Ad ipsam Elisabetham epistola. Editio quinta. Acceßit Christophori longolii ad Luther. Argumenti oratio cum indice copiosißimo.,"Osório, Jerónimo",Goswin Cholinus,Köln,1585,Latin,12o,Holy Roman Empire,1585,1580s
691160,"Rhetoricorum M. T. Ciceronis ad C. Herennium, libri IIII. In eorundem obscura et difficilia loca annotationes perutiles et necessariae, à gyberto longolio conscripta. Eiusdem M. T. Ciceronis de inventione rhetorica, libri II.","Cicero, Marcus Tullius",haer. Arnold I Birckmann,Köln,1563,Latin,8o,Holy Roman Empire,1563,1560s
615998,"Dialogi XXX. In duos libros divisi, quorum primus est de measia, continetque dialogos XVIII","Ochino, Bernardino",Peter Perna,Basel,1563,German,8o,Swiss Confederation,1563,1560s
683302,"Illustrium virorum vitae. Quibus nunc accesserunt Turcarum imperatorum vitae, eodem autore, ex italico in Latinum conversae, cum gemino indice. Tomus primus. (-secundus.)","Giovio, Paolo",Heinrich Petri,Basel,1567,Latin,8o,Swiss Confederation,1567,1560s
691174,De conventu augusteñ concinna descriptio rebus etiam externarum gentium que interim geste sunt. Cum elegantia intersertis.,"Bartolini, Riccardo",Hans von Erfurt,Augsburg,1518,Latin,4o,Holy Roman Empire,1518,1510s
622719,"Clariss. Et excellentiss. Viro dn. Joanni Friderico schroetero philosophiae et medicinae doctori, et eiusdem professori publico in celebri academia Ienensi Joannis schroeteri medici etc. F. Et virgini Barbarae dn. M. Eliae vogelii in illustrissima avla electorali feudalis secretarii etc. F. Haec secunda vota epithalamia Graecolatina et heroica M. Joannes Steinmetz Lipsicus affinis cum solenni et studiosa apprecatione D. D. D. 3. Non. Februarii a. Ae.c.","Steinmetz, Johannes",Georg Deffner,Leipzig,1584,Latin,4o,Holy Roman Empire,1584,1580s
661298,[Hebrew] [ èelomoh ben ishaq],"Adam, Michael",Thomas Guarin,Basel,1583,Hebrew,2o,Swiss Confederation,1583,1580s
705507,Warhafftige Newe Zeyttung von der stat Wienn wie sie von der erschroeckenlichen und graussamen macht des Thuercken auff wasser und landt belegert. etc. im M.D.XXVIIII. jar. Ein sentbrieff so Emerich Wascha des Thürcken oebrister velt haubtman den oebristen und haubtleuetten in der stat zugeschickt hat,,Paul Kohl,Regensburg,1529,German,4o,Holy Roman Empire,1529,1520s
632799,"Der ander theyl der kleynern Teütschen apoteck, confect oder latwergen buechlins. Von den allerkostlichsten, hochnützlichsten und aeltsten latwergen oder confecten des gerechten tiriacs und metridats, sampt vilen andern gebreüchlichsten latwergen, tabulaten, pulver, trefenei und dergleichen","Ryff, Walther Hermann",Balthasar Beck,Strasbourg,1542,German,4o,Holy Roman Empire,1542,1540s
628321,Dat Nye Testament,,Michael Lotter,Magdeburg,1541,German,8o,Holy Roman Empire,1541,1540s
610270,Ain sermon.,"Rhegius, Urbanus",Melchior Ramminger,Augsburg,1522,German,4o,Holy Roman Empire,1522,1520s
679760,Opus aureum musice castigatissimu de Gregoriana et figuratiua atque contrapucto simplici percommode tractans omnibus cantu oblectantibus utile et necessarium e diversis excerptum,"Wollick, Nikolaus",haer. Heinrich Quentel,Köln,1508,Latin,4o,Holy Roman Empire,1508,1500s
862579,"Del matrimonio de preti, et delle monache","Vergerio, Pietro Paolo",Jakob Kündig,Basel],[1549],Italian,8o,Swiss Confederation,1549,1540s
661207,"Ecclesiastes juxta Hebraicam veritate, per Sebastianum musterum translatus, atque annotationibus ex Hebraeorum rabinis collectis, illustratus. Biblia, ut., ecclesiastes",,Johann Froben,Basel,1525,Hebrew,8o,Swiss Confederation,1525,1520s
632444,An den durchleuchtigisten Herren Albrechten Ertzbischoffen zu Mentz ein sendbrieff und Christliche Ermanung. Etliche schrifften so Marggraf Georg von Brandenburg an seyner gnaden bruder getan hat,"Luther, Martin",Michael Blum,Leipzig,1527,German,8o,Holy Roman Empire,1527,1520s
750125,"Ein kurtze Erinnerung von dem Cometen, so auff den 12. Tag Novembris des 1577. Jars zu Augspurg erschinen und erstmals gesehen worden",,Bartholomäus Käppeler,Augsburg,1577,German,Broadsheet,Holy Roman Empire,1577,1570s
625012,"Constitutio ad removends abusus, et ordinatio ad cleri vitam reformandam per reverendissimum in Christo patrem, et dominuM. D. Laurentium tituli sancte anastasie. S. R. E. Presbyterum cardinalem, et ad Germaniam etc. De latere legatum nuper Ratispone edita","Campeggio, Lorenzo",Johann Grüninger,Strasbourg,1524,Latin,4o,Holy Roman Empire,1524,1520s
617532,"Poeticon astronomicon, ad veterum exemplarium eorumque manuscriptorum fidem diligentissime recognitum, et ab innumeris, quibus scatebat, vitiis repurgatum",Hyginus,Johann Soter,Köln,1534,Latin,2o,Holy Roman Empire,1534,1530s
645257,"Ein newes lied. Das lied ist die truncken metten genant, ist manchem gouten gsellen wol erkant.",,Hans Guldenmund,Nürnberg,1550,German,8o,Holy Roman Empire,1550,1550s
701955,Unterricht der visitator an die Pfarrer in Hertzog Heinrichs zu Sachssen Fuerstenthumb.,"Melanchthon, Philipp",Wolfgang Stöckel,Dresden,1539,German,4o,Holy Roman Empire,1539,1530s
632056,"Declaratio instrumenti astronomici novi, quo non solum horae cuiuscunque generis interdiu noctuque dignosci, sed etiam lunae motus medius, eiusdemque et insigniorumaliquot stellarum ortus et occasus observari, aliaque quamplurima scitu utilia et jucunda indagari possunt","Gallus, Heinrich",Georg I Baumann,Erfurt,1574,Latin,8o,Holy Roman Empire,1574,1570s
666486,"In Simonem gryneum antistitem, pietatis et doctrinae vindicem praeclarissimum, epicedion à Joanne pedionëio rheto, gratitudinis ergo celebratum. Unà cum epitaphiis quibusdam.","Pedioneus, Johannes",Robert Winter,Basel,1541,Latin,4o,Swiss Confederation,1541,1540s
643369,Ein fruchtbare underrichtung von den guten wercken so durch die menschen beschehen,"Luther, Martin",Adam Petri,Basel,1520,German,4o,Swiss Confederation,1520,1520s
552095,"Morali Jacobi Handl carnioli, musici praesentissimi, quinque, sex et octo vocibus concinnata. Quinta vox","Handl, Jacob",Alexander Philipp Dietrich,Nürnberg,1596,Latin,8o oblong,Holy Roman Empire,1596,1590s
625952,"Colloquium sive dialogus, de particulari judicio animarum post mortem.",Dionysius Carthusianus,Maternus Cholinus,Köln,1571,Latin,12o,Holy Roman Empire,1571,1570s
674881,"Methodus in praecipvos scripturae divinae locos, ad nuda didactici generis praecepta, ingenti labore in theologorum non exercitatorum usum composita, quò certa ratione sanctam scripturam syncere tractare possint. Erasmo sarcerio annaemontano autore. Farrago locorum communium adiecta est.","Sarcerius, Erasmus",Bartholomaeus Westheimer,Basel,1538,Latin,8o,Swiss Confederation,1538,1530s
66088,Dialogues ,Plato,Heinrich Petri,Basel,1556,French,2o,Swiss Confederation,1556,1550s
709645,"De adquirenda vel amittenda possessione pro consequendo supremo in utroq. Jure gradu ad diem 25. Iulii ... Publicè disputanda exhibet, Henricus Ringelstein Spirensis","Ringelstein, Heinrich",Konrad Waldkirch,Basel,1594,Latin,8o,Swiss Confederation,1594,1590s
648899,"Elegantiarum Laurentii vallae, viri tam Graecae quàm Latinae linguae doctißimi, libri omnes apprimé utiles: scholiis gyberti longolii illustrati: et annotationum doctorum hominum non exigua acceßione locupletati. Eiusdem de reciprocatione sui et suus, libellus oppidò frugi. Annotationes eiusdem in errores Antonii raudensis. Cum indice copiosißimo. In Antonium raudensem opusculum","Valla, Lorenzo",haer. Nikolaus Brylinger,Basel,1571,Latin,8o,Swiss Confederation,1571,1570s
642526,Ein betebuechlein beide dem alter und der jugent nuetbar. Item ein spruchbuechlein den waren Christen gar heilsam,"Witzel, Georg",Melchior I Lotter,Leipzig,1536,German,8o,Holy Roman Empire,1536,1530s
704085,Von Sibilla weyssagung. Unnd von Kunig Salomonis weißheyt. Wz wunders geschehen ist und noch geschehen sol vor dem jungesten tag.,Sibilla,Hans Froschauer,Augsburg,1515,German,8o,Holy Roman Empire,1515,1510s
637267,Die siben weisen Meister,,Alexander I Weißenhorn,Augsburg,1540,German,4o,Holy Roman Empire,1540,1540s
567058,"Io. Dubravii Olomuzensis episcopi histori Boiemica. A CL. V. Thoma Iordano Medico nouis Genealogiarum, Episcoporum, Regum, Ducum catalogis","Dubravius, Jan",Peter Perna,Basel,1575,Czech,2o,Swiss Confederation,1575,1570s
630831,"De origine erroris libri duo, heinrychi bullingeri. In priore agitur de Dei veri justa inuocatione & cultu vero, in posteriore disseritur de institutione & vi sacrae coenae domini, & de origine ac progressu missae papistice,","Bullinger, Heinrich",Christoph I Froschauer,Zürich,1550,Latin,4o,Swiss Confederation,1550,1550s
702287,Vom Christlichen Abschied auß diesem toedtlichen leben des ehrwirdigen Herrn d. Martini Lutheri,"Jonas, Justus",Johann vom Berg,Nürnberg,1546,German,4o,Holy Roman Empire,1546,1540s
690584,"Renovatio ecclesiae Nordlingiacensis, et ratio omnibus reddita, de quorundam institutione, per diaconos ibidem.","Billican, Theobald Gerlacher",Sigmund Grimm,Augsburg,1525,Latin,8o,Holy Roman Empire,1525,1520s
628109,Das vatter unser,"Erasmus, Desiderius",Silvan Otmar,Augsburg,1524,German,8o,Holy Roman Empire,1524,1520s
629947,"De hominis justificatione coram deo, fidei'ne an operibus tribu?da sit, & quomodo loci scripturae de hoc negotio repugnantes conciliari possint: fratrum hospinianorum, Johannis & Christiani, epistolae tres, adiecta est elegia de sacrosancta domini nostri Jesu Christi coena. Elegia de sacrosancta domini nostri Jesu Christi coena","Hospinianus, Johannes",Johann Oporinus,Basel,1560,Latin,8o,Swiss Confederation,1560,1560s
618606,"Carmen gratulatorium ad optimae indolis adolescentes. Hilarium porstorsium. Johannem apianum. Samuelem mosbachium. Adamum Arnoldum. Johannem amdor, et Andream nitnerum. Quid primo liberalium artium gradu inter alios ornati, 4. Id: martii pronunciabantur. Scriptum ab Erasmo schneider martispyrgensi.","Schneider, Erasmus",Hans I Rambau,Leipzig,1575,Latin,4o,Holy Roman Empire,1575,1570s
602528,"Libri IIII, difficilium aliquot quaestionum et hodie passim controversarum explicationes continentes","Fuchs, Leonhart",Robert Winter,Basel,1540,Latin,4o,Swiss Confederation,1540,1540s
505099,A supplicacyon to the quenes Majestie,,W Cawood (=Rihel),[Strasbourg],1555,English,8o,Holy Roman Empire,1555,1550s
672015,Leichpredig und Erklaerung der wort auß dem gebett Mosis. psalmo 90. Unser leben weret sibentzig jar gehalten den 5. Februarii im jar Christi 1598. Bey der Begraebnuß weylandt deß Georg Aichmans Fürstlichen Würtembergischen Bebenheußischen pflegers in deß h. Reichs statt Eßlingen.,"Hermann, Christoph",Jost Martin,Strasbourg,1598,German,4o,Holy Roman Empire,1598,1590s
692502,Schreibkalender auffs jar nach unsers Herrn und seligmachers Jesu Christi geburt: M. D. LXXXI. Mit vielen chronicken oder Historien sampt den sontäglichen Evangelien,"Caesius, Georg",Valentin Fuhrmann,Nürnberg,1580,German,4o,Holy Roman Empire,1580,1580s
62074,Dictionarium linguarum septem ,"Calepino, Ambrogio",Sebastian Henricpetri,Basel,1579,,2o,Swiss Confederation,1579,1570s
629612,"De emendatione ecclesiae libellus, a revfrendissimo domino Petro de aliaco cardinali cameracensi, patribus olim oblatus in concilio Constantiensi congregatis",Petrus de Alliaco,Valentin Curio,Basel,1525,Latin,4o,Swiss Confederation,1525,1520s
642784,"Ein Christliche und ernstlich antwurt der prediger des Evangelii zu Basel, warumb sy die Meß einen grüwel gescholten habind",,Christoph I Froschauer,Zürich,1527,German,4o,Swiss Confederation,1527,1520s
650725,Ephemerides duorum annorum 50. Et 51. Supputatae ex novis tabulis astronomicis per Erasmum reinholdum salueldensem ad meridianum vvittebergensem.,"Reinhold, Erasmus",Ulrich I Morhart,Tübingen,1550,Latin,4o,Holy Roman Empire,1550,1550s
695617,"Syntagma, seu corpus doctrinae Christi, ex novo testamento tantum, methodica ratione, singulari fide & diligentia congestum: per Johannem vvigandum, et Matthaeum judicem.","Wigand, Johann",Johann Oporinus,Basel,1558,Latin,8o,Swiss Confederation,1558,1550s
624062,"Concio de puero Jesu. Item, virgini matri dicatus paean. Paean in genere demonstrativo virgini matri dicendus virgini matri dicatus paean","Erasmus, Desiderius",Eucharius Cervicornus,Köln,1525,Latin,8o,Holy Roman Empire,1525,1520s
649219,"Elegia obitus clarissimi. Ac pietate, virtute, et doctrina praestantissimi viri, D. Hieronymi vvolfii oëtingensis, in gymnasio Augustano utri usque linguae professoris dignissimi. Scripta a M. Johanne matspergero Augustano.","Maetsperger, Johann",Michael Manger,Augsburg,1580,Latin,4o,Holy Roman Empire,1580,1580s
692999,Seelenn ertzney fuer die gesunden unnd krancken in todes noeten,"Rhegius, Urbanus",Jakob Bärwald,Leipzig,1565,German,8o,Holy Roman Empire,1565,1560s
657276,"Familiarium colloquiorum formulae, in gratiam juventutis recognitae, et auctae ab Erasmo Roterodamo. Ad haec per eundem. Brevis de copia praeceptio. Modus, sive ratio studendi. Dialogi duo Christofori hegendorfphini. Modus sive ratio studendi","Erasmus, Desiderius",Johann I Knobloch,Strasbourg,1521,Latin,8o,Holy Roman Empire,1521,1520s
603125,De alimento,Hippocrates,Sebastian Henricpetri,Basel,1582,Latin,8o,Swiss Confederation,1582,1580s
64258,Fröliche neue teutsche und frantzösische Lieder. (1) Discantus,"Utendal, Alexander",Katharina Gerlach,Nürnberg,1586,French,8o,Holy Roman Empire,1586,1580s
623767,"Compendium calculorum seu proiectilium <ut vocant> ratiocinationis, utilißimum erudiendis tyronibus arithmeticae arti addictis, per Henricum flicker Nicoleum conscriptum.","Flicker, Heinrich",Martin Gymnich,Köln,1550,Latin,8o,Holy Roman Empire,1550,1550s
609911,Ain hybsche hystori von Sant Brandon gar lustig zu lesen wm wunder der haylig apt her varen hat auff dem moer neün gantze jar er und seine brieder,,Johann Sittich,Augsburg,1508,German,4o,Holy Roman Empire,1508,1500s
696169,"Tes kaines diathekes hapanta. En hois para ta polla akribos diorthothenta, kai ta kephalaia, kai diaphorus anagnoseis, kai tas epallela martyrias prospheromen.",,Ernst Vögelin,Leipzig,1564,Greek,8o,Holy Roman Empire,1564,1560s
664024,"Homiliae, sive conciones praestantissimorum ecclesiae catholicae doctorum, in totius anni evangelia, ab albino flacco alcvino jussu Caroli magni primum acri judicio collectae, et subinde ab aliis non parum auctae. Quibus accessêre in totius aequè anni epistolas, conciones exegeticae",Paulus Diaconus,Maternus Cholinus,Köln,1576,Latin,2o,Holy Roman Empire,1576,1570s
617011,Brevis et perspicua explicatio psalmorum Davidis. Decas quarta.,"Brenz, Johannes",Ulrich I Morhart,Tübingen,1567,Latin,4o,Holy Roman Empire,1567,1560s
682856,Partesorationis quot sunt. Octo. Que. Nomen pronomen verbum adverbium participiu,"Donatus, Aelius",Melchior I Lotter,Leipzig,1515,Latin,4o,Holy Roman Empire,1515,1510s
660351,"Grammatica Joannis holthusii kempensis rectoris literarii ludi ecclesiae cathedralis Augustanae, facilis, brevis, ac compendiaria, non solum incipientibus, verumetiam iis, qui aliquem in grammaticorum praeceptis progressum fecerunt, profutura.","Holthusius, Johannes",Michael Manger,Augsburg,1582,Latin,8o,Holy Roman Empire,1582,1580s
643747,Ein hubsch lied von dem Bremberger und von einer Hertzogin von Osterreich mit XV. Gesetzen.,,Johann Weißenburger,Nürnberg,1510,German,8o,Holy Roman Empire,1510,1510s
634361,Der rechte ungefelschte glaub von dem hochwirdigen Sacrament des waren leybs und bluts unsers Herrn Jesu Christi,"Westphal, Joachim",Georg Merkel,Nürnberg,1554,German,4o,Holy Roman Empire,1554,1550s
845214,Disputa di m. Bernardino Ochino da Siena intorno alla presenza del corpo di Giesu Christo nel sacramento della cena. Non mai per l'adietro stampata,"Ochino, Bernardino",Pietro Perna,Basel,1561,Italian,8o,Swiss Confederation,1561,1560s
751738,Theses theologicae de precatione : quarum veritatem auspiciis sacrosanctae Trinitatis,"Sulcer, Simon; Winckelmann, Johannes, ",Leonhard Ostein,Basel,1580,Latin,Broadsheet,Swiss Confederation,1580,1580s
568828,Postylla Cžeská. Anebo Waykladowé na Episstoly a Euangelia Nedelnij y také Swátecnij pres celý Rok Z Latinského a Nemeckého Jazyku w Cžeský preložena,"Spangenberg, Johann",Oldrich Neuber,Nürnberg,1566,Czech,2o,Holy Roman Empire,1566,1560s
666965,"Introductio utilissima, Hebraice discere cupientibus: cum latiori emendatione iohannis boeschenstain. Oratio dominica angelica salutatio salue regina. Hebraice. Matthaeo Adriano equite aurato interprete.","Manuzio, Aldo",Sigmund Grimm,Augsburg,1520,Latin,4o,Holy Roman Empire,1520,1520s
626729,Das buch Extasis,"Noot, Jan van der",Felix Röschlin,Köln,1576,German,2o,Holy Roman Empire,1576,1570s
615937,Bericht ob man on die tauff und empfahunge des leibs und bluts Christi allein durch den glauben konne selig werden,"Corvinus, Anton",Eucharius Cervicornus,Marburg,1538,German,4o,Holy Roman Empire,1538,1530s
640897,"Catechismus catholicus, summam Christianae institutionis IIII.libris succinctim complectens. Item autoris eiusdem summa doctrinae Christianae catholicae. Summae doctrinae Christianae catholicae","Kling, Konrad",haer. Arnold I Birckmann,Köln,1570,Latin,8o,Holy Roman Empire,1570,1570s
617983,"Capita pietatis et religionis Christianae, versibus Graecis comprehensa ad institutionem puerilem, cum interpretatione Latina. Veri episcopi solicitudo indicata de capite XX. Actor. Apost. Hypothekai Salomonis, ut vitentur consortia prauorum, de teutonicis versibus translatae in Graecos et Latinos, a Joachimo camerario Pabepergensi. Preces Christianae expositae versibus heroicis, à Joanne stigelio. Preces Christianae","Camerarius, Joachim",Valentin I Bapst,Leipzig,1555,Greek,8o,Holy Roman Empire,1555,1550s
602774,Peri hygieinon biblia hex,"Galenus, Claudius",Balthasar Lasius,Basel,1538,Greek,8o,Swiss Confederation,1538,1530s
708791,"Zeitung aus Ungern, von dem unversehenen einfall der Türcken zü Sixo beschehen, am tag Martinni, des vergangenen 1577 jars",,Thiebold Berger,Strasbourg,1578,German,4o,Holy Roman Empire,1578,1570s
615045,"Judiciarii processus compendium, atque adeò juris utriusque praxis, in gratiam studiosorum multò diligentius quàm hactenus excusa. Cum indice novo.","Alciato, Andrea",haer. Arnold I Birckmann,Köln,1565,Latin,8o,Holy Roman Empire,1565,1560s
678480,"Nova commentaria in persium. Satyrae complusculis, quibus scatebant. Mendis repurgate. Cum ecphrasi et scholiis joannis Murmellii ruremudensis.","Persius Flaccus, Aulus",haer. Heinrich Quentel,Köln,1517,Latin,4o,Holy Roman Empire,1517,1510s
658397,Fundamentum scholarium perstringens ordinatissimo contextum omnes ferme regulas ad grammaticam breviter assequendam necessarias.,Remigius von Mettlach,haer. Heinrich Quentel,Köln,1505,Latin,4o,Holy Roman Empire,1505,1500s
616136,Beschwerung der alten Teüffelischen schlangen mit dem götlichen wort.,"Schwarzenberg, Johann von",Gabriel Kantz,Zwickau,1527,German,8o,Holy Roman Empire,1527,1520s
550052,"Apo kopes eis to bema: Positiones Peri tes ton katamenion epoches Pro quibus, secundo auspicio eius, qui Hygiae & Panaceae Unus & Trinus adest & praeest: & Amplissimi Ordinis praestantissimorum Medicorum Basiliensis Universitatis decreto, summi gradus (Doctoratum nuncupant) gratia M. Andr. Ruinella Praegallus Rhaetus, 7. Eid. Aprilis, hora locoque consuetis, dimicabit","Ruinella, Andreas",Johann Oporinus,Basel,1582,Greek,,Swiss Confederation,1582,1580s
621830,Christliche verantworttung auff Herr Dieterichs von Clee maister teuetsch ordens außgebreyten druck unnd angemaste verunglympffung.,,Jobst Gutknecht,Nürnberg,1526,German,4o,Holy Roman Empire,1526,1520s
552130,Cantus choralis musicis numeris quinque vocum inclusus. Tenor,"Knöfel, Johann",Dietrich Gerlach,Nürnberg,1575,Latin,8o oblong,Holy Roman Empire,1575,1570s
609892,Ain hibsch lied was zum Reych gehoert in Hertzog Ernst thon,"Frey, Peter",Erhard Oeglin,Augsburg,1514,German,8o,Holy Roman Empire,1514,1510s
302056,Jesus Syrach,"Tidemand, Peder",Hans Walther,Magdeburg,1541,Danish,8o,Holy Roman Empire,1541,1540s
682628,"Parainesis Isocratis oratoris disertissimi sermo admonitorius, ad demonicum: generosae juventutis moribus formandis idoneus. Eiusdem ad nicoclem oratio, quibus melior euasurus sit princeps: atque adeò omnes, qui publicis funguntur muneribus.",Isocrates,Johann III Gymnich,Köln,1591,Latin,8o,Holy Roman Empire,1591,1590s
672566,Libellus perutilis de fraternitate sanctissima rosarii et psalterii beate Marie virginis.,,Johann Otmar,Augsburg,1507,Latin,4o,Holy Roman Empire,1507,1500s
646694,Ein schons buchlein czu Deutsch. Doraus ein itzlicher mensche. Was standes er sey. lernen mag. Was wucher und wucherische hendel sein auch was rechte und unrechte kaufmanschafft und hendel gesein,"Cuppener, Christoph",Melchior I Lotter,Leipzig,1508,German,2o,Holy Roman Empire,1508,1500s
647631,Eine Christliche leichpredigt uber den 39. psalm. Ich habe mir fuergesetzt ich wil mich hueten das ich nicht suendige bey dem Begrebnis des jungker Hansen von gehohofen zu kautzsch welcher in Gott seliglich entschlaffen ist den 19. Maii anno 1579. Gethan durch Caspar pfeiffern Pfarrern zu kautzsch.,"Pfeifer, Kaspar",haer. Jakob Bärwald,Leipzig,1579,German,4o,Holy Roman Empire,1579,1570s
617950,Canzonette a quatro voci  (Tenor),"Hassler, Hans Leo",Katharina Gerlach,Nürnberg,1590,,4o,Holy Roman Empire,1590,1590s
410000,"Allen ende elckerlycken capiteynen crijchsluyden van Nederlant wenschet de prince van Oraengien gheluck ende salicheyt (in onsen vertlegher by Arweyler, 14.09.1568)",,Gottfried Hirtshorn,[Köln],1568,Dutch,8o,Holy Roman Empire,1568,1560s
666008,"In lugubres trium amicorum occubitus,nempe, Hieronymi emseri d.gaeorgii saxo.ducis etc. Olim secretarii at atg; oratoris. Andreae epistatis deliciani rhetoris lypsici Henrici hamiferi northemii,poetae Saxonici <qui omnes anno XXVII.ex hac luce migrarunt> Henningi pyrgallii ascalingi threnos","Feuerhahn, Henning",Nickel Schmidt,Leipzig,1528,Latin,8o,Holy Roman Empire,1528,1520s
645182,Von weybern und geburten der kinder sampt ihren artzneyen. Auch von tugenden etlicher fürnemer kreüter und von krafft der edlen gestein mit sampt einem bewerten Regiment für die pestilentz.,,Michael Manger,Augsburg,1579,German,4o,Holy Roman Empire,1579,1570s
676615,"Epistola mysticus aquilo, sive declaratio vatinicii Jeremie prophetae: ab aquilone pandetur malum super omnes habitatores terrae: qua, ab annis promulgationis praesentis prophetie orbis vastatores à plaga mundi aquilonari prorupisse, et in finem usque saeculi prorupturos esse, demonstratur","Graminaeus, Theodor",haer. Jakob Alectorius,Köln,1576,Latin,8o,Holy Roman Empire,1576,1570s
688436,Psalterion prophetu kai basileos tu dabid. Tu proteru amo lynteron.,,Wolfgang Köpfel,Strasbourg,1524,Greek,16o,Holy Roman Empire,1524,1520s
657280,"De ratione studii epistola protreptica familiarium colloquiorum formule. Et alia quedam, per Des. Erasmum Roterodamum.","Erasmus, Desiderius",Valentin Schumann,Leipzig,1519,Latin,4o,Holy Roman Empire,1519,1510s
607804,Prognostikon bibloi 3,Hippocrates,Heinrich Petri,Basel,1536,Greek,8o,Swiss Confederation,1536,1530s
673723,"Dialogi selectiores, coelestes, marini, et inferni, Graecè et Latinè editi in usum puerorum.",Lucianus Samosatensis,haer. Nikolaus Brylinger,Basel,1565,Greek,8o,Swiss Confederation,1565,1560s
47695,Terra pacis. Vrai tesmoignange de la terre spirituelle de paix ,"Niclaes, Hendrik",Nikolaus Bohmberg,Köln,1580,French,8o,Holy Roman Empire,1580,1580s
695644,"Syntaxis linguae Graecae, una cum annotatiunculis paucis ad praecepta syntaxis varennianae","Varennius, Johannes",Johann III Gymnich,Köln,1576,Greek,8o,Holy Roman Empire,1576,1570s
664218,"Hortulus anime, zu Tewtsch selen würtzgertlein genant. Mit vil schönen gebeten und figuren.",,Friedrich Peypus,Nürnberg,1518,German,8o,Holy Roman Empire,1518,1510s
623871,"Compendium Graecae grammaticae, ea tantum continens, quae initiò hanc linguam pueris discentibus tradenda sunt.",,haer. Hans Steinmann,Leipzig,1589,Greek,8o,Holy Roman Empire,1589,1580s
816807,"Descrittione di quello che in nome dello illustrissimo, et eccellentissimo principe, et signor signor Christoforo duca Vitembergense et tecense et conte di Montbelgardo è stato fatto dagli suoi ambasciatori nel Concilio di Trento nell'anno 1552","Brenz, Johannes",Ulrich I Morhart,Tübingen],[1553],Italian,8o,Holy Roman Empire,1553,1550s
619734,Catalogus sanctorum ex diversis ac doctis voluminibus congestus: a reverendissimo in Christo patre domino Petro de natalibus de venetiis:dei gratia episcopo equilino: ac iam denuo accurate revisus,Petrus de Natalibus,Johann I Knobloch,Strasbourg,1521,Latin,2o,Holy Roman Empire,1521,1520s
685545,Practica Deudsch auff das M.D.XLV. jar aus der kunst von dem lauff des Himmels und Gestirns auffs kuertzest beschrieben.,"Eipelius, Berchthold Johannes",Wolfgang Stürmer,Erfurt,1544,German,4o,Holy Roman Empire,1544,1540s
643006,Ein Regiment wie man sich vor der newen palge der Englisch schweyß genant bewaren unnd so man damit ergriffen wirdt darynn halten sol,"Cordus, Euricius",Friedrich Peypus,Nürnberg,1529,German,4o,Holy Roman Empire,1529,1520s
657359,"Favente altissimo themata medica physica: de facultatibus sive potentiis naturalibus, passim ex tribus Galeni, libris congesta in scholis medicorum et philosophorum academiae Argentoratensis. Sub praesidio D. Joannis Ludovici havvenreuteri, doctoris medici philosophi, pro tempore spectabilis academiae decani, praeceptoris sui gratitudinis genere colendi. Discutienda, et pro virili defendenda proponit M. Joannes burgovverus scaphusianus.","Havenreuter, Johann Ludwig",Antoine Bertram,Strasbourg,1593,Latin,4o,Holy Roman Empire,1593,1590s
708138,Zwey schoene geistliche lieder. Das erste auß dem LVI. oder CIIII. psalm darinnen man bit umb schoen wetter und einen seligen regen und fuer die fruecht auff dem felde. Das ander nach dem tisch zu singen. Singen wir auß hertzen grund. Im thon: in natali domini.,"Hermann, Nikolaus",Valentin Neuber,Nürnberg,1570,German,8o,Holy Roman Empire,1570,1570s
635318,"Des loblichen Fürstentums erbhuldigung in dem fünfzehnhundertundzwanzigsten auch nachfolgend des einundzwanzigsten jars bescheen, samt handlung der Landtage",,Silvan Otmar,Augsburg,1523,German,2o,Holy Roman Empire,1523,1520s
675354,"In codicis Justiniani libros iix commentarii Matthaei Wesenbecii in pandectas juris civilis et codicis Justinianei lib. Iix. Commentarii: olim paratitla dicti: nunc ex postrema ipsius authoris, necnon aliorum quorundam jurisconsultorum recognitione multò quàm antehac emendatius editi. Cum indice gemino.","Wesenbeck, Matthaeus",Konrad Waldkirch,Basel,1593,Latin,4o,Swiss Confederation,1593,1590s
751674,Aphorismi quinque de baptismo,"Dreckmeier, Heinrich; Grynaeus, Johann Jacob, ",Konrad Waldkirch,Basel,1596,Latin,Broadsheet,Swiss Confederation,1596,1590s
635947,Dialogorum sacrorum libri quatuor.,"Châteillon, Se´bastien",Johann Oporinus,Basel,1553,Latin,8o,Swiss Confederation,1553,1550s
6323,La vraye et entiere histoire des troubles et choses memorables advenues tant en France qu'en Flandres ,"La Popelinière, Henri Lancelot-Voisin de",Barthélemy Germain,Basel,1579,French,8o,Swiss Confederation,1579,1570s
671735,"De reciprocatione sui et suus libellus in Antonium raudensem opusculum in errores Antonii raudensis annotationes Laurentii vallae viri tam ghaecae quàm Latinae linguae doctißimi, elegantiarum libri omnes apprime utiles, scholiis quibusdam ubi hactenus mendosi fuere illustrati, per gybertum longolium. Hac postrema editione annotationes doctorum hominum non exigua accessione locupletauimus, cum indice novo","Valla, Lorenzo",Johann I Gymnich,Köln,1534,Latin,8o,Holy Roman Empire,1534,1530s
693689,Sermones contra omn mudi proversum statu. Qu Deus gloriosus et equitas naturalis dannat. Egregii et famosissimi domini Gregorii morgstern. Decretorum doctoris celeberrimi. Qui jura canonica I gymnasio. Liptzensi qua fideliter docuit. Et verbu Dei fructuose ac devotissime populo praedicauit. Omnibus volentibus divinum seminare verbum perutiles. Ex secunda recognitione.,"Morgenstern, Georg",Wilhelm Schaffner,Strasbourg,1515,Latin,4o,Holy Roman Empire,1515,1510s
659938,"Gnomol¯ogia hellenikolatine,ek Joannu tu tu stobaiu eklogon parainetikon synkomistheisa. Gnomologia Graecolatina: hoc est, insigniores & vetustiores sententiae philosophorum, poetarum, oratorum & historicorum, ex magno anthologio Joanniss stobaei excerptae, & in locos supra bis centum digestae. Acceßit praeterea oneiros, vel alektryon, id est, somnium, vel gallus, dialogus luciani Graece et Latine. Adiecto etiam commentariolo per Michaelem neandrum sorauiensem. Oneiros vel alektryon somnium seu gallus",Johannes Stobaeus,Jakob Kündig,Basel,1557,Greek,8o,Swiss Confederation,1557,1550s
631320,"De recta et ordinata vocum compositione libri III. Joannis pollicarii cygnaei opera, in studiosorum gratiam collecti, nuncque primum in lucem editi.","Pollicarius, Johannes",Johann Oporinus,Basel,1544,Latin,8o,Swiss Confederation,1544,1540s
702851,Von dem Bapstum zu Rom wider den hochberümpten Romanisten zu Leipzick.,"Luther, Martin",Adam Petri,Basel,1520,German,4o,Swiss Confederation,1520,1520s
618011,"Capita pietatis et religionis Christianae, versibus Graecis comprehensa ad institutionem puerilem, cum interpretatione Latina. Veri episcopi solicitudo et presbyterorum cura indicata de capite XX. Actor. Apost. Hypothekai Salomonis, ut vitentur consortia prauorum, de teutonicis versibus translatae in Graecos et Latinos, a Joachimo camerario Pabepergensi. Preces Christianae expositae versibus heroicis, à Joanne stigelio. Preces Christianae","Camerarius, Joachim",Hans Steinmann,Leipzig,1582,Greek,8o,Holy Roman Empire,1582,1580s
627734,"Das man das lauter rain Evangelion on menschliche zusatzunge predigen sol, Fürstlicher bevelh zu Weymar beschehen.","Kißwetter, Wolfgang",Jobst Gutknecht,Nürnberg,1525,German,4o,Holy Roman Empire,1525,1520s
701331,"Vincentii lirinensis galli, pro catholicae fidei antiquitate et veritate, adversus prophanas omnium haereseon novationes, libellus verè aureus: nunc primum per capita distinctus. Additum est breve commentariolum per Joannem costerium.",Vincentius von Lérins,Maternus Cholinus,Köln,1585,Latin,12o,Holy Roman Empire,1585,1580s
632941,Der Christlich eestand. Von der heiligen Ee harkummen wenn wo wie unnd von waem sy vfgesetzt unnd was sy sye wie sy recht bezogen werde was iro ursachen frucht und eer,"Bullinger, Heinrich",Christoph I Froschauer,Zürich,1548,German,8o,Swiss Confederation,1548,1540s
636129,Dialogus nye gemaket van der belegeringe der Stadt Bremen unde slachtinge vor der Drakenborch geschen des mandages vor pinxsten ym jare do men schreff dusent vyffhundert unde soeven unde veertich.,,Christian I Rödinger,Magdeburg,1547,German,8o,Holy Roman Empire,1547,1540s
642995,"Ein gesprech auff das kurtzt zwuschen eynem Christen und Juden auch eynem wyrthe, sampt seynem haußknecht den eckstein Christum betreffendt so noch Goetlicher schrifft abkunterfeyt ist wie alhie beygedruckt figur außweyßet.",,Michel Buchfürer,Erfurt,1524,German,4o,Holy Roman Empire,1524,1520s
708982,Novae tabulae musicae,"Barbetta, Giulio Cesare",Bernhard Jobin,Strasbourg,1582,Latin,,Holy Roman Empire,1582,1580s
637386,Die vier und zwenzig alten.,Otho von Passau,Johann I Knobloch,Strasbourg,1508,German,2o,Holy Roman Empire,1508,1500s
702042,Von wem und wye das iuckfrawen Closter helffede. Etwan bey Eyszleben in der Graveschafft Mansfelt gelegen. Dorine die seligen iuckfraven Mechtildis unnd Gerdrudis von den das buch geystlicher genaden saget gewest gestifftet und vorandert wurden,,Melchior I Lotter,Leipzig,1503,German,4o,Holy Roman Empire,1503,1500s
34512,De la tres saincte cene de nostre seigneur Jesus et de la messe qu'on chante communement ,"Farel, Guillaume",Thomas Wolff,[Basel],[1532],French,16o,Swiss Confederation,1532,1530s
694178,Sophokleus tragodiai hepta. Sophoclis tragoediae septem.,Sophocles,Peter Braubach,Frankfurt am Main,1555,Greek,8o,Holy Roman Empire,1555,1550s
669492,Klag des gloubens der hoffnug und ouch liebe über geystlichen und weltlichen stand der Christenheit.,"Eckstein, Utz",Christoph I Froschauer,Zürich,1526,German,8o,Swiss Confederation,1526,1520s
618625,"Carmen Graecolatinum, de vero samaritano Jesu Christo, mesite theu kai anthropon. Reverendo viro dn. M. Hieronymo menzelio, comitatus Mansfeldensis superintendenti dedicatum à Johanne bartsch suidnicensi Silesio.","Bartsch, Johannes",Hans Steinmann,Leipzig,1584,Greek,4o,Holy Roman Empire,1584,1580s
613784,Astronomia Teutsch dergleichen vormals nye in druck außgangen darinn verfast seind vier buecher.,"Renßberger, Nikolaus",haer. Matthaeus Franck,Augsburg,1570,German,4o,Holy Roman Empire,1570,1570s
709419,Eyn Bapst lich Breve,,Johann I Knobloch,Strasbourg,[1523],German,4o,Holy Roman Empire,1523,1520s
636367,"Dictionarium ambr0sii calepini, iterum nunc supra omnes hactenus euulgatas accessiones, magno omnis generis vocum auctario locupletatum & recognitum. Una? cum Conradi gesneri onomastico, sive propriorum nominum serie numerosissima. Onomasticon propriorum nominum, virorum, mulierum, sectarum, populorum onomasticon sive propriorum nominum series","Calepino, Ambrogio",Hieronymus Curio,Basel,1558,Latin,2o,Swiss Confederation,1558,1550s
752773,"Nymandt prech sich hoher dann seinem standt gepiirt, er wirdt sunft zu schanden","Sachs, Hans",Niclas Meldemann,[Nürnberg],1531,German,Broadsheet,Holy Roman Empire,1531,1530s
700211,Utis: nemo,"Hutten, Ulrich von",Valentin Schumann,Leipzig,1518,Latin,4o,Holy Roman Empire,1518,1510s
690127,Rede me and be nott wrothe for j saye no thynge but trothe. I will ascende makynge: my state so hye that my pompous honoure shall never dye,"Roy, William",Johann Schott,Strasbourg,1528,English,8o,Holy Roman Empire,1528,1520s
642400,"Ein abtruck einer schrifft an Curfürsten, Fürsten unnd gemeyne staend des Reichs uff jetzgehalten Reichstag zu Nürnberg versamlet ußgangen",,Andreas Cratander,Basel,1524,German,4o,Swiss Confederation,1524,1520s
862637,Al magnifico signor Niccolò Guizzardo D. Del decreto fatto in Trento d'intorno alla communione,"Vergerio, Pietro Paolo",Ulrich I Morhart,Tübingen],[1562],Italian,8o,Holy Roman Empire,1562,1560s
645071,Ein new liedt ein morgen klag eins weinsuechtigen. Im thon was wirt es doch des wunders noch. Ein ander lied ein truncken man der fuert ein marterers leben,,Valentin Neuber,Nürnberg,1560,German,8o,Holy Roman Empire,1560,1560s
677906,"Ecclesiasticae historiae libri decem & octo. Opera Joannis langi, consiliarii regii, è Graeco in Latinum sermonem translati, nuncque denuò in lucem editi. Accessit locuples rerum & verborum in his memorabilium index.",Nicephorus Callistus Xanthopulus,Johann I Herwagen,Basel,1555,Latin,2o,Swiss Confederation,1555,1550s
634516,"Der spruch Jesu Christi, Johan. am III. Capitel: also hat Gott die welt geliebe","Luther, Martin",Abraham Lamberg,Leipzig,1597,German,8o,Holy Roman Empire,1597,1590s
709922,"Praeside D. V. E. T. Permittente vero Amplissimo I.C. Collegio inm celeberrima Basiliensium Academia, pro suprema in U.I. Laurea consequenda Bartholomaeus Paravicinus Rhetus subsequentes De Mutuo quaestiones ad diem 15. Iulii, hora 7. Disputandas proponit anno M. D. XC","Paravicini, Bartolomeo",Johann Oporinus,Basel,1590,Latin,8o,Swiss Confederation,1590,1590s
636579,Die ellend klagend Roszhaut,"Sachs, Hans",Hans Kohler,Nürnberg,1570,German,4o,Holy Roman Empire,1570,1570s
635924,"Dialogo di giacopo riccamati ossanese nel quale in proposito del giorno del giudicio alcune cose si considerano che chiunque non le ha dinanz à gli occhi & molto bene impresse nell'animo in euidentissimo pericolo sta della salute sua, & sopra tutti gli altri I prencipi e magistrati. Interlocutori il riccamati e mutio. D.","Aconcio, Iacopo",Peter Perna,Basel,1558,Italian,8o,Swiss Confederation,1558,1550s
620409,"Catechismus, pia et utili explicatione illustratus","Brenz, Johannes",Peter Braubach,Frankfurt am Main,1555,Latin,4o,Holy Roman Empire,1555,1550s
646182,Ein schoen new lied ach Gott wie wee thut scheiden. Ein ander lied groß lieb hat mich umbfangen. Noch ein ander lied vor zeiten was ich lieb und werd. Groß lieb hat mich umfangen vor zeiten was ich lieb und wert,,Friedrich Gutknecht,Nürnberg,1555,German,8o,Holy Roman Empire,1555,1550s
14167,Trois epistres ,"Hamal, Godefroy",Wolfgang Köpfel,[Strasbourg],1552,French,8o,Holy Roman Empire,1552,1550s
706141,Was die alten Herren usz erkhantnus unserer Herren Meister Rath und der eynundtzwentzigen der statt Straßburg uff Sontag den sybend febru. Des XXXV. jars. Den zünfften doselbst uff iren stuben für gehalten haben sampt den mandaten und constitutideoso darinn gemeldt werden,,Johann II Prüß,Strasbourg,1535,German,4o,Holy Roman Empire,1535,1530s
646001,"Ein schoen new liedt, vom Zug auß Sibenbuergen wie es yetzt im sturm vor Lippa ergangen ist. Im thon, was woell wir aber heben an.","Speltacher, Paul",Georg Merkel,Nürnberg,1555,German,8o,Holy Roman Empire,1555,1550s
661253,"Opus grammaticum consummatum ex variis elianis libris concinnatum, complectens scilicet elementarium absolutum numerandi rationem pronominum declinationes","Münster, Sebastian",Heinrich Petri,Basel,1544,Hebrew,4o,Swiss Confederation,1544,1540s
681563,Ordnung des Freyen und loblichen bergkwergks im grunde bey gyttell gelegen unnd andern umb lygenden gebyrgenn. Im Braunschwygischen landen.,,Matthes Maler,Erfurt,1524,German,2o,Holy Roman Empire,1524,1520s
622720,"Clariss. Imperialis urbis lubeci chronicorum libri tres ab Hermanno bonno primum Germanicè notati, deinde à doct. Justino goblero goarino jurecons. In Latinum versi, & iam recens euulgati. Unà cum orationibus duabus eiusdem D. iustini gobleri in obitum illustriß. Principis erici senioris ducis Brunsvicensis, etc. Orationibus duabus in obitum illustriß. Principis erici senioris ducis Brunswicensis","Bonnus, Hermann",Bartholomaeus Westheimer,Basel,1543,Latin,8o,Swiss Confederation,1543,1540s
707007,Wie mann alle gepresten unnd kranckheyten des menschlichen leybs außwenndig unnd ynnwendig von dem haupt an bis auff die fueß artzneyen und vertreyben soll mit außgepranten wassern,"Vogtherr, Bartholomaeus",Heinrich Steiner,Augsburg,1547,German,4o,Holy Roman Empire,1547,1540s
78055,"Quinque linguarum utilissimus vocabulista, latine, italice, gallice, hyspane et alemanice",,Fridericus Peypus,Nürnberg,1529,French,4o,Holy Roman Empire,1529,1520s
706856,Wie die hailig schrifft so von Got auf menschliche weys redt soll verstanden werden,"Freisleben, Leonhard",Philipp I Ulhart,Augsburg,1535,German,8o,Holy Roman Empire,1535,1530s
706388,Wer lesen kan sich bessern und in dieser grewlichen heymsuchung mit dem Turcken betten wil lese und bette wie hernach volgt.,,Wolfgang I Meyerpeck,Zwickau,1530,German,8o,Holy Roman Empire,1530,1530s
658113,"Epistolae XVI. Quibus planè testatum reliquit, quid de pontificatu, et de rom. Curia senserit. Excerptae ex eius libris, qui in manibus hominum versantur.","Petrarca, Francesco",Christian I Müller,Strasbourg,1555,Latin,4o,Holy Roman Empire,1555,1550s
22616,Conference chrestienne de quatre docteurs theologiens et trois fameux advocats sur le faict de la ligue,,Herman Jobin,Köln,1586,French,8o,Holy Roman Empire,1586,1580s
862630,Comparation tral concilio basiliense e il tridentino,"Vergerio, Pietro Paolo",Ulrich I Morhart,Tübingen,1561,Italian,8o,Holy Roman Empire,1561,1560s
666310,"In oratorem M.tullii Ciceronis ad M.brutum scholae melchioris junii Witebergensis, eloquentiae in Argentinensi academia professoris.","Junius, Melchior",Antoine Bertram,Strasbourg,1585,Latin,8o,Holy Roman Empire,1585,1580s
645154,Ein newe prognostication mit wunderlichen prophoceyen von dem jar. xII. bis zum ende des l. jars,Salomon von Roermond,Georg Wachter,Nürnberg,1540,German,4o,Holy Roman Empire,1540,1540s
691394,"De inventione dialectica libri omnes integri et recogniti juxta autographi, nuper D. Alardi amstelredami opera in lucem educti fidem, atque doctißimis scholiis illustrati","Agricola, Rudolf",Walther Fabritius,Köln,1563,Latin,8o,Holy Roman Empire,1563,1560s
634031,"Der Nollhart, disz sind die prophetien sancti Methodii und Nollhardi. Welche von wort zu wort nach inhalt der matery und anzeigung der figuren sind gespilt worden im. XVC. und. XVII. jor uff der Herren fastnacht von ettlichen ersamen und geschickten burgeren einer loblichen stat Basel","Gengenbach, Pamphilus",Pamphilus Gengenbach,Basel,1517,German,4o,Swiss Confederation,1517,1510s
862609,"Del cardinale Durante, che ha posto in prigione un ambasciador di uno di maggiori principi dell'imperio","Vergerio, Pietro Paolo",Ulrich I Morhart,Tübingen,1553,Italian,8o,Holy Roman Empire,1553,1550s
665063,"Iliados homeru rapsodias bibloi treis, a. B. G. Homeri iliados libri tres.",Homerus,Johann III Gymnich,Köln,1584,Greek,8o,Holy Roman Empire,1584,1580s
678304,"Nonnu poietu panopolitu metabole tu kata Joannen hagiu evangeliu, dia stichon herwïkon. Nonni panopolitani poëtae conversio evangelii secundum Joannem, Graecis versibus conscripta.",Nonnus Panopolitanus,Gottfried II Cervicornus,Köln,1566,Greek,8o,Holy Roman Empire,1566,1560s
688547,"Pseaumes de David, mis en rime francoyse. Par.c.marot, auec plusieurs cantiques, comme on les chante en l'eglise francoyse d'estrosbourg","Marot, Clément",Wolfgang Köpfel,Strasbourg,1553,French,12o,Holy Roman Empire,1553,1550s
673641,De bello suscipiendo adversus Venetianos et Turcas oratio Maximiliano augusto in conventu presulu: et civitatum Romani imperii dicta in augusta Vindelica IIII.idus aprilis. Anno millesimoquingentesimodecimo,"Hélian, Louis",Johann Otmar,Augsburg,1510,Latin,4o,Holy Roman Empire,1510,1510s
604813,Archidoxorum,Paracelsus,Samuel Apiarius,Basel,1570,German,4o,Swiss Confederation,1570,1570s
707266,Wo und was die rechte Gottes sey nach ardt des glaubens unnd grund der heiligen schrifft ouch was das wort ist nach seiner natur vermoege. Darzu ein beschlußlicher grund der mercklichesten puncten vom Sacrament oder Nachtmal in der disputatz zu Bernn gehandlet,"Landsperger, Johannes",Christoph I Froschauer,Zürich,1527,German,8o,Swiss Confederation,1527,1520s
635473,"Ecclesiastae sive de ratione concionandi libri quatuor, opus recens, denuo editum, sed cum indice accuratiore quàm antehac et copiosiore.","Erasmus, Desiderius",Hieronymus I Froben,Basel,1535,Latin,8o,Swiss Confederation,1535,1530s
750831,DIVO MAXIMILIANO CESARI SEMPER AUGUSTO DEDICATUM,"Stabius, Johannes",Johann Weißenburger,Nürnberg,1502,Latin,Broadsheet,Holy Roman Empire,1502,1500s
668095,"Euagoras isokratus nikokles he symmachikos. Isocratis nicocles vel auxiliaris, in qua oratione disertissimè et prudentissimè de subditorum erga magistratum et remp. Officio sub persona nicoclis regis disserit Isocrates. Tu aytu euagoras. Eiusdem euagoras, oratio elegantißima de virtutibus rebusq´: praeclarè gestis euagorae.",Isocrates,Johann I Gymnich,Köln,1543,Latin,8o,Holy Roman Empire,1543,1540s
862639,"Al signor Francesco Betti gentil huomo romano. Delle insidie, che il papa m'ha posto attorno","Vergerio, Pietro Paolo",Ulrich I Morhart,Tübingen],[1562],Italian,8o,Holy Roman Empire,1562,1560s
664563,"Hyperaspistes diatribae adversus seruum arbitrium Martini Lutheri, per D. Erasmum Roterodamum.","Erasmus, Desiderius",Johann Froben,Basel,1526,Latin,8o,Swiss Confederation,1526,1520s
646900,Ein sermon. Uff das Evangelion Joan.x. Von dem gutten hyrten,"Luther, Martin",haer. Matthias Schürer,Strasbourg,1523,German,4o,Holy Roman Empire,1523,1520s
690205,Beschreibung der Messe oder kommunion dreier alten väter refutatio missae. Widerlegung des sophistischen buchs des schwartzen münchs von der opffer Meß anno 1555 außgangen.,"Flacius Illyricus, Matthias",Samuel Emmel,Strasbourg,1557,German,4o,Holy Roman Empire,1557,1550s
567173,Jana Kalwina Kazatele Genewenskeho  dwie Episstoly o wiecech tohoto czasu znati welmi potrebných,"Calvin, Jean",Christoph Gutknecht,Nürnberg,1546,Czech,4o,Holy Roman Empire,1546,1540s
437413,Postille op die evangelien ende evangelien van allen sondaghen ende sonderlinghen heylichdaghen,"Luther, Martin",Joannes Hillenius Hoochstratanus,Basel (=Antwerpen),1528,Dutch,2o,Swiss Confederation,1528,1520s
704846,Wappenbuechlein. Zu ehren der Romischen Kay. und ku. Mt auch baebstlicher Heyligkeit sambt anndern der furnemsten auslendischen Konigreichen Churfursten Fursten und gemeinen stennden darauf des heyligen Romischen Reychs grundtveste gepflantzet ist wappen mit iren namen und farben,"Solis, Virgil",Virgil Solis,Nürnberg,1560,German,4o,Holy Roman Empire,1560,1560s
621113,Christennlich ordnung und brüch der kilchen Zürich.,,Christoph I Froschauer,Zürich,1535,German,4o,Swiss Confederation,1535,1530s
622779,"Clarorum virorum epistolae Latinae, Graecae, & Hebraicae, variis temporibus missae ad Joannem reuchlin phorcensem, ll. Doctorem.","Reuchlin, Johannes",Christoph I Froschauer,Zürich,1558,Latin,8o,Swiss Confederation,1558,1550s
615762,"Benedictine religionis professis quibuslibet. S p communi ordinis nostri cupites utilitati consulere compluriu precibus et instantia fratrum exhortati inductiqm praesens diurnu scdario et correctiori et expolitiori charactere imprimi curauimus. Breviarium, Benediktiner",,Erhard Radolt,Augsburg,1513,Latin,8o,Holy Roman Empire,1513,1510s
661336,Fuenff buecher des newen testaments mit ebreischen buchstaben gedruckt angeordnet,,Elias Schade,Strasbourg,1592,Hebrew,8o,Holy Roman Empire,1592,1590s
683289,"Opera a Joanne gvinterio andernaco medico exercitatissimo, summique judicii conversa: et illustrata commentariis. Cum indice.",Paulus aus Ägina,Wendelin I Rihel,Strasbourg,1542,Latin,2o,Holy Roman Empire,1542,1540s
19726,La paraphrase sur le nouveau testament ,"Erasmus, Desiderius",Ambroise Froben,Basel,1563,French,2o,Swiss Confederation,1563,1560s
686664,"Pro positiones aliquot juridicae. De gravi et frequentissimo injuriarum et famosorum libellorum delîcto. Quas, praeside dn. Paulo, graseccio, I. V. D. Et in celeberrima Argentoratensium academia juris professore ordinario, publicè defendendas ad 3. Junii, suscipiet. M. Simeon Sigismundus pragensis, boëmus.","Graseck, Paul",Antoine Bertram,Strasbourg,1592,Latin,4o,Holy Roman Empire,1592,1590s
653043,"Epitome prosodiae collecta ex commentariis Jacobi micylli, et Georgii fabricii de re metrica in usum scholae Argentinensis à M. Philippo glasero.","Glaser, Philipp",Karl Kieffer,Strasbourg,1586,Latin,8o,Holy Roman Empire,1586,1580s
751005,"Durchleüchtiger hochgebornner Fürst, Ewrn fürstlichen gnaden, sind mein undtertenig, und willig dinst mit vleis berait, allzeyt zuovor, Genädiger fürst, und herr, An gesstern zuom abenndt, alls die Graven=Herrn, Ritter, und knecht, sambt gemainem hofgesindt, züm nachtmal, versamelt, hat der durchleüchtig Fürst, hertzog Wilhelm, E.f.g. brüeder mich erfordern lassen, und vor den allen der mainung, meins behallts mit mir geredt. haubtman mich lanngt an, wie dich unser lieber brüeder hertzog ludwig allhye abfordern wölle","Walprunn, Kuno ¬von¬",Hans Schobser,[München],1514,German,Broadsheet,Holy Roman Empire,1514,1510s
627216,Das tauffbüchlin,"Luther, Martin",Wolfgang I Meyerpeck,Zwickau,1530,German,4o,Holy Roman Empire,1530,1530s
604979,Wunder Artzney,Paracelsus,Sebastian Henricpetri,Basel,1573,German,8o,Swiss Confederation,1573,1570s
662390,"Genealogiae deorum hesiodi ascrei opera, quae quidem extant, omnia Graecè, cum interpretatione Latina eregionè, ut conferri à Graecae linguae studiosis citra negocium possint. Adiectis iisdem Latino carmine elegantiß. Uersis, et genealogiae deorum à pylade brixiano descriptae, libris V. Accessit nunc demum herculis scutum, à Joanne ramo conversum.",Hesiodus,Johann Oporinus,Basel,1564,Latin,8o,Swiss Confederation,1564,1560s
706562,Wider das papyren gemalt Fegfewr des Bapsts das nach disem leben kein statt der Buß ynd widerkerens mehr sey sonder hie inn der zeyt der gnaden eh uns die Finsternus begreyff vir imm liecht wandl sollen haelle zeugknus der schrifft von bonauentura stehelin von dilligen zusamen tragen.,"Stehelin, Bonaventura",Heinrich Steiner,Augsburg,1538,German,4o,Holy Roman Empire,1538,1530s
631876,De unione hypostatica duarum naturarum in Christo verae falsaeque doctrinae antithesis breviter repetitae in inclita academia Lipsensi,"Schilter, Zacharias",Abraham Lamberg,Leipzig,1593,Latin,4o,Holy Roman Empire,1593,1590s
830053,"Apologia di m. Michelagnolo Fiorentino ne la quale si tratta de la vera e falsa chiesa. De l'essere e qualità de la messa, de la vera presenza di Christo nel sacramento de la Cena; del papato, e primato di S. Pietro, de concilii et autorità loro: scrittacontro a un'heretico","Florio, Michelangelo",Stefano Catani,Chamogascko (=Basel),1557,Italian,8o,Swiss Confederation,1557,1550s
653851,Es ist ein gumpist ob den für do wirt manchem die brueg zu duer ein ieder lug und hab gut acht mit grossem list ist er gemacht gar ordenlich ist er bereit und wol gesalczen und geleit stot ietz also in gutter stil wer weiß wer in uß essen Will,,Nikolaus Lamparter,Basel,1512,German,4o,Swiss Confederation,1512,1510s
666981,Introductorium in octo partium orationis cogni-tionem brevissimo <et quo antea vix brevior visus.> tramite dirigens.,,Pamphilus Gengenbach,Basel,1517,Latin,4o,Swiss Confederation,1517,1510s
709681,"De emptione et venditione Conclusiones Quas, Divina favente clementia, ex decreto & consensu Amplissimi Ordinis Facultatis Iuridicae, in inclyta & celeberrima Basiliensium Academia, pro consequendis in U.I. Doctoralibus Privilegiis, publice disputandas proponit Jacobus Thomingius Filius, Lipsensis. Ad diem 30. Octobr. Hora & loco consuet.","Thoming, Jacob",Johann Oporinus,[Basel],1588,Latin,8o,Swiss Confederation,1588,1580s
628561,"De astronomia, oratio secunda; autorum; qui scriptis artem nobilißimam illustrarunt, delectum; et doctrinae ut pulcherrimae, ita difficilimae ordinem commonstrans. Ad auditores huius disciplinae pub. Habita à Christophoro mevrero D. Mathematum professore, et reip. Lipsiensis physico.","Meurer, Christoph",Michael Lantzenberger,Leipzig,1596,Latin,4o,Holy Roman Empire,1596,1590s
408019,"Van dat officie ofte ampt der princen ende vorsten, van die misbruycken te weren die heden in der kercken sijn","Melanchthon, Philipp",Willem Gailliart,Buyten Strasbourg (=Emden),1553-54,Dutch,8o,Holy Roman Empire,1553,1550s
661179,Absolutissimae in Hebraicam linguam institutiones accvratissime in usum studiosae juventutis conscriptae,"Isaac, Johannes",Johann von Aich,Köln,1553,Hebrew,4o,Holy Roman Empire,1553,1550s
666904,Instrumentum requisitionis ac supplicationis der ehrwuerdig wolgebornen herrn Georgen von sein Graffen zu witgenstein thumprobsts zu Coelln jetzigerzeit decanats statthalters des hohen stiffts Straßburg herman Adolphen Graffen zu solms herrn zu mintzenberg unnd sonnenwald Johannsen freyherrn zu winnenberg und beylstein ernsten Graffen und herrn zu manßfeld etc. Der hohen stifft Coelln trier wuertzburg und Straßburg respectiuè thumbherrn. Sampt des notarii relation welcher gestalt dasselbig dem ertzbischoffen und Churfürsten zu Meintz als des reichs per Germaniam ertzcantzlern und folgents der Churfuerstlichen pfaltz administratori et tutori insinuirt worden.,,Bernhard Jobin,Strasbourg,1586,Latin,4o,Holy Roman Empire,1586,1580s
550037,"Theses de sudore agitandae XVI. Die Novembris Quas moderatore Thoma Erasto, asseret Hieronymus Reusnerus Leorinus","Erastus, Thomas",Leonhard Ostein,Basel,1581,Latin,,Swiss Confederation,1581,1580s
642840,Ein Christliche leichpredigt bey der leich deß ehrnvesten Herrn Peter Sengen der statt Noerdlingen gewesenen Burgermeisters,"Lutz, Wilhelm Friedrich",Christoph Lochner,Nürnberg,1590,German,4o,Holy Roman Empire,1590,1590s
627595,"Das kriegbuechlin des frides. Ein krieg des frides, wider alle lermen auffrar und unsinnigkait zu kriegen mit gründlicher anzaigung, das der krieg nicht allein in das Reich Christi nit gehoere, sonder auch nicht sey dann ein Teuflisch ding, im gegensatz ein lob des fridens","Franck, Sebastian",Heinrich Steiner,Augsburg,1539,German,4o,Holy Roman Empire,1539,1530s
671552,Lanndtßordnung der Fürstlichen Grafschafft Tirol,,Silvan Otmar,Augsburg,1532,German,2o,Holy Roman Empire,1532,1530s
505034,A faythful admonycion of a certen trewe Pastor,"Luther, Martin",Wendelin I Rihel,Strasbourg,1554,English,8o,Holy Roman Empire,1554,1550s
615786,"Bergk practica oder prognosticon, deß bergkwerck bawens.","Kreslin, Georg",Valentin Fuhrmann,Nürnberg,1597,German,4o,Holy Roman Empire,1597,1590s
644511,Ein kurtzer bericht uber die recht warhafftig contrafactur Tuerckischer belegerung der stat Wien wie dieselbig anzusehen und zuversteen sey welche zu rhum einem erbern Rath der statt Nuermberg,"Meldeman, Niclas",Hieronymus Andreae,Nürnberg,1530,German,4o,Holy Roman Empire,1530,1530s
675763,"Methodus concordiae ecclesiastice, post omnium sententias, a minimo fratre monstrata, non prescripta","Witzel, Georg",Nikolaus Wolrab,Leipzig,1537,Latin,8o,Holy Roman Empire,1537,1530s
660330,"De prosodia de syntaxi grammatica Philippi Melanthonis,latina,iam denuo recognita, et plerisque in locis locupletata","Melanchthon, Philipp",Johann Petreius,Nürnberg,1540,Latin,8o,Holy Roman Empire,1540,1540s
665598,Iin epistolam Pauli ad Romanos commentarii,"Musculus, Wolfgang",Johann II Herwagen,Basel,1562,Latin,2o,Swiss Confederation,1562,1560s
646707,Ein schrecklich geschicht unnd gericht Gottes über Thomas Muentzer darinn Gott offentlich desselbigen geist luegen strafft und verdamnet,"Luther, Martin",Wolfgang Köpfel,Strasbourg,1525,German,4o,Holy Roman Empire,1525,1520s
661264,Proverbia sa lomonis. Praefatio in aeditionem parabolarum fratris Conradi pelicani minoritae. Epitome Hebraicae grammaticae fratris Sebastiani Munsteri minoritae,"Münster, Sebastian and Pellicanus, Conrad",Johann Froben,Basel,1520,Hebrew,8o,Swiss Confederation,1520,1520s
693629,Sermones domicales perutiles a quodam fratre Hungaro ordinis minorum de observantia comportati biga salutis intitulati,Oswaldus von Lasko,Heinrich Gran,Haguenau (Augsburg,1502,Latin,4o,Holy Roman Empire,1502,1500s
647207,Ein trost büchlein allen krancken betrübten und gefangnen nuetzlich damit sie in irer angst not und widerwertigkeyt auffrichtig biß an das endt in Got verharren muegen.,"Schwenckfeld, Caspar",Hector Schöffler,Nürnberg,1533,German,8o,Holy Roman Empire,1533,1530s
690424,"Richterbuechlein, zu fürderung der rechthengigen sachen sehr nutzlich und nohtwendig: mit ettlichen angehengten lateinischen schreiben","Vigelius, Nicolaus",haer. Johann Oporinus,Basel,1578,German,8o,Swiss Confederation,1578,1570s
676444,Moralogium. Moralogium <ex Aristotelis ethicorum libris commentatoruque lecturis> iniciatu et authorisatu. Quingentis atque triginta conlusionibus moralibus et rhythmisatis contextum preludiis summariis epilogis et repertoriis vestitu,"Wellendorffer, Virgilius",Wolfgang Stöckel,Leipzig,1509,Latin,2o,Holy Roman Empire,1509,1500s
654314,Evangelia te kai epistolai ton kyriakon kai heortastikon hemeron hellenisti kai Romaisti. Evangelia et epistolae dominicorum ac festorum dierum Graecè et Latinè.,,Hans Steinmann,Leipzig,1582,Greek,8o,Holy Roman Empire,1582,1580s
75354,Discours de la police et discipline militaire à l'imitation des anciens grecs et romains ,,Sébastien Henricpetri,Basel,1590,French,4o,Swiss Confederation,1590,1590s
646498,Ein schoenes liedt wol hindter meines vatters hoff da fleugt ein weisse tauben. Ein ander liedt nimb war mein morgensteren. Im thon ich stundt an einem morgen,,Valentin Neuber,Nürnberg,1560,German,8o,Holy Roman Empire,1560,1560s
670296,Küniklycher magestat zn Behem und Hungern etc. Züg und eynretten auff die Croenung gen Prag anno etc. M.D.XXVII.,,haer. Matthias Schürer,Strasbourg,1527,German,4o,Holy Roman Empire,1527,1520s
617615,De chorographia de situ orbis,"Solinus, Gaius Iulius",Michael Isengrin,Basel,1543,Latin,2o,Swiss Confederation,1543,1540s
699166,"Tractatus de inventarii confectione, clarissimi et excellentissimi I.v. D. Rolandi a valle, patricii casalensis, et senatus montisferrati praesidis meritissimi. Nunc primum in Germania editus, accedunt summaria et index locupletissimus.","Valle, Rolandus a",Anton Hierat,Köln,1599,Latin,8o,Holy Roman Empire,1599,1590s
567197,Nowy Zakon: MDXXXIIII. (= 1534) Impressum Noremberge per Fridericum Peypus. (Ad calc.:) Skonawa se Nowy Zakon. genž gest wytisstieny w Slawneem miestie Norberce skrze opatrne° muže Frydrycha Peypusa,,Friedrich Peypus,Nürnberg,1534,Czech,8o,Holy Roman Empire,1534,1530s
604481,De herbarum virtutibus,Odo von Meung,Johannes Faber aus Emmich,Basel,1527,Latin,8o,Swiss Confederation,1527,1520s
669660,"Katechesis marteinu Lutheru he kalumene mikra, hellenikolatine. Catechesis Martini Lutheri parua, Graecolatina. Accesserunt et alia quaedam varia, argumenti pij, utilis et jucundi, unde et pietatem et linguam Graecam adolescentes discere possunt. Omnia à Michaele neandro sorauiensi edita.","Luther, Martin",Johann Oporinus,Basel,1558,Greek,8o,Swiss Confederation,1558,1550s
683401,"Satyrae, obscurissimae alioqui, luculentißima ecphrasi simul et scholiis doctiß. Uiri Johannis Murmellii illustratae. Hermanni buschii doctiß. Poetae epistola, qua persiani prologi et primae satyrae argomentum liquidißimis rationibus explicatur.","Persius Flaccus, Aulus",Eucharius Cervicornus,Köln,1528,Latin,8o,Holy Roman Empire,1528,1520s
346504,Compendio de las catorze decadas.,"Livius, Titus",Augustín Frisio,Strasbourg,1550,Spanish,8o,Holy Roman Empire,1550,1550s
341166,Las vidas de dos illustres varones Cimon Griego y Lucio Lucullo romano.,Plutarchus,Johann Oporinus,[Basel],1547,Spanish,4o,Swiss Confederation,1547,1540s
623634,Commentarius in orationem M. Tulii Ciceronis pro cn. Plancio. Ex scholis Joannis Sturmii antemeridianis.,"Toxites, Michael",Wendelin I Rihel,Strasbourg,1551,Latin,8o,Holy Roman Empire,1551,1550s
685113,"Neun predigten über die historien der h. Passion Jesu Christi postilla catholica evangeliorum de tempore (de sanctis) totius anni. Das ist: catholische außlegung aller sontaeglichen evangelien durch das gantze jar. Geprediget durch Jacobum feuchthium episcopum naturensem, Bambergischen weyhebischoff der h.schrifft doctorn etc.","Feucht, Jakob",haer. Johann Quentel,Köln,1577,Latin,2o,Holy Roman Empire,1577,1570s
659366,"De re dialectica libellus ab innumeris quibus hactenus scatuit mendis repurgatus, unà cum scholiis per Johannem neomagum.",Georgius Trapezuntius,Johann Soter,Köln,1533,Latin,8o,Holy Roman Empire,1533,1530s
705323,Warhafftige copey eins brieffs so affterdechant und das thumcapittel des etzbisthumbs Coeln uber iren eigen Herrn an die Stifftstende geschrieben haben. Daraus zu sehen ob die itzige der Papisten rustung und angefangen krieg wider die religion sache gelte oder nicht.,,Christian I Rödinger,Magdeburg,1546,German,4o,Holy Roman Empire,1546,1540s
683912,"Omnes quae apud Graecos & Latinos extant, libri, antiquitatum: quaestionum et solutionum in genesin. De essaeis. De nominibus Hebraicis",Philo aus Alexandria,Heinrich Petri,Basel,1538,Latin,4o,Swiss Confederation,1538,1530s
611501,Compendium physices Aristoteleae. Cum locuplete rerum et verborum memorabilium indice,"Hyperius, Andreas",haer. Johann Oporinus,Basel,1585,Latin,8o,Swiss Confederation,1585,1580s
90047,La cosmographie universelle ,"Münster, Sebastian",Heinrich Petri,Basel,1556,French,2o,Swiss Confederation,1556,1550s
640475,"Aphorismoi gamikoi seu oeconomia ehespiegel darinne gezeiget und gelehret wird: I Wie man Christlich Freyen. II. Wie man Gottselig im ehestande leben solle III. Christlicher unterricht fuer eheleute die sich mit einander ubel begehen IIII. Die Außlegung des 128. psalms. M. pet. Streuberus, sorischer hoffprediger und superintend.","Streuber, Peter",Zacharias Bärwald,Leipzig,1589,,8o,Holy Roman Empire,1589,1580s
604102,"Arztgarten. Von Kräutern, so in den Gärten gemeinlich wachsen","Mizauld, Antoine",Peter Perna,Basel,1575,German,8o,Swiss Confederation,1575,1570s
661299,Die fünff bücher mose auß dem hebraischen von wort zu wort nach der yetzigen juden art inn die teütsch sprach gebracht und doch mit hebrai schen büchstaben getruckt allerding wie die juden sy durchs gantz jar in die wuchen außtai len mit sampt den capitlen auß allen propheten außgezogen,,Chajjim Schwarz,Augsburg,1548,Hebrew,2o,Holy Roman Empire,1548,1540s
412652,"De historie, natuere, ende beduidenisse der erschrickelicke comeet, die geopenbaert is int jaer ons Heren 1577","Heurnius, Johannes",Nikolaus Bohmberg,Köln,1577,Dutch,4o,Holy Roman Empire,1577,1570s
674845,"Bucolica, Georgica et aeneid'iodoci badii ascensii sententiarum dilucidatione inornata","Vergilius Maro, Publius",Johann Grüninger,Strasbourg,1505,Latin,,Holy Roman Empire,1505,1500s
751879,"Wir Heinrich Heinrich von Mühnheim der Meister, und der Raht zü Straszburg (19.04.1570)",,Josias Rihel,Strasbourg,[1570],German,Broadsheet,Holy Roman Empire,1570,1570s
617541,"Praefatio in historiam mundi, ad vespasianum.",Plinius Major,Johann I Singriener,Wien,1513,Latin,4o,Holy Roman Empire,1513,1510s
507849,"Correction and exhortation of of heartie love to a pluckinge under the obedience of the loue and to repentaunce for their sinnes, unto all them that are wise in their owne conceites: and for-that-cause blaspheame our seruice and our communialtie in the loue and iudge us falslie","Niclaes, Hendrik",Nikolaus Bohmberg,Köln,1574,English,8o,Holy Roman Empire,1574,1570s
623268,"Confabulationes tyronum literariorum, ad amußim colloquiorum Erasmi Roterodami","Schottenius, Hermann",Johann Petreius,Nürnberg,1536,Latin,8o,Holy Roman Empire,1536,1530s
657117,Fabulae Aesopi iam denuo multo emendatius et locupletius quàm antea aedita,Aesopus,Ulrich I Morhart,Tübingen,1542,Latin,8o,Holy Roman Empire,1542,1540s
678113,"De dreisa Hessorum, jurisconsulti methodus universi juris civilis absolutissima: nunc denuo ab authore ipso recognita, multis in locis emendata. Et aucta.","Vigelius, Nicolaus",haer. Johann Oporinus,Basel,1586,Latin,2o,Swiss Confederation,1586,1580s
658091,"Cato, sive commentarius ad regulam catonianam.","Baudouin, François",Christian I Müller,Strasbourg,1555,Latin,4o,Holy Roman Empire,1555,1550s
669506,"Klerliche beweisung das alle die jenige welche die schrifften widder das Interim und mittelding feil zuhaben und zu lesen verbieten, item die zu dieser zeit die von Magdeburg verfolgen","Flacius Illyricus, Matthias",Christian I Rödinger,Magdeburg,1550,German,8o,Holy Roman Empire,1550,1550s
659750,"Geystliche lieder von newem zugericht, mit vil schoenen psalmen und liedern gemehret.",,Valentin Neuber,Nürnberg,1570,German,8o,Holy Roman Empire,1570,1570s
552401,Kurtzweilige teutsche Lieder zu dreyen Stimmen nach Art der neopolitanen oder welschen Villanellen . Bassus,"Regnart, Jacob",Katharina Gerlach,Nürnberg,1576,German,8o oblong,Holy Roman Empire,1576,1570s
661270,Psalterium Hebraicum,,Hieronymus I Froben,Basel,1532,Hebrew,16o,Swiss Confederation,1532,1530s
696170,"Tes kaines diathekes hapanta. Novum Jesu Christi testamentum, Graecè, antiquorum aliquot exemplarium collatione multo quàm hactenus est editum, emendatius. Acceßit locorum ex veteri testamento à Christo et apostolis in novo citatorum index longè utilißimus.",,Johann Oporinus,Basel,1552,Greek,16o,Swiss Confederation,1552,1550s
708698,Compendio de las 14 decades de Tito Livio,"Florus, Lucius Annaeus",Augustin Fries,Strasbourg,1550,Spanish,8o,Holy Roman Empire,1550,1550s
508303,"The rest of the second replie agaynst Master Doctor Whitgifts second answer, touching the Church discipline","Cartwright, Thomas",Thomas Guarin,Basel,1577,English,4o,Swiss Confederation,1577,1570s
634752,"Der Welsch flusz flüszlisz flüszlisz, welcher wil sin in disem spyl, der darff wol bruchen wißheit vyl dz in der fluß nit uberyl.","Gengenbach, Pamphilus",Pamphilus Gengenbach,Basel,1515,German,4o,Swiss Confederation,1515,1510s
604941,Geographia universalis,"Ptolemaeus, Claudius",Heinrich Petri,Basel,1542,Latin,2o,Swiss Confederation,1542,1540s
637320,Die sprüche der prediger Salomo,,Johann II Prüß,Strasbourg,1525,German,8o,Holy Roman Empire,1525,1520s
706463,The whole byble that is the olde and Newe Testamente truly and purely tranßlated into Englische,,Christoph I Froschauer,Zürich,1550,English,4o,Swiss Confederation,1550,1550s
683422,"Peri Christu kai ton apostolon,kai allon tinon hagion matheton Christu te kai ton apostolon autu, biblio dyo. Id est: historiae vitae et doctrinae Jesu Christi, apostolorum, & discipulorum eorund?, libri duo, contexti & conciliati de historia quatuor evangelistarum, libro actuum apostolicorum, ac aliis quibusdam vetustis ac fide dignis Hebraeorum & Graecorum narrationibus, à Christi nativitate ad urbis hierusal? novissimum excidium usque & expositi carmine Greco heroico in schola ilfeldensi: a `matthaeo gotho elrichensi.","Gothus, Matthaeus",haer. Johann Oporinus,Basel,1573,Latin,8o,Swiss Confederation,1573,1570s
750217,Conditur hoc sanctus Tumulo Thebaidus Ursus,"Graf, Urs, ",Adam Petri,[Basel],1519,Latin,Broadsheet,Swiss Confederation,1519,1510s
660523,"Gratiarum actio pro conversione edvardi thornei angli, qui relicta blasphema secta Jesu itarum, vera confessione ad sanctam ecclesiam Jesu Christi sese aggregauit. In qua inveniet lector brevem confutationem precipuorum errorum Jesu itarum. Teste, Tilemanno heshusio.","Hesshusen, Tilemann",Bartholomaeus Franck,Basel,1568,Latin,8o,Swiss Confederation,1568,1560s
631637,"De successionibus, quae lege ipsa ab inte stato deferuntur, ex jure noviss. Conclusiones: quas ex decreto ordinis juridicae facultatis in celeberrima Basiliensium academia, pro suprema in jure consequenda laurea, publicè discutiendas proponit rembertus a'syrsma phrisius occiduus. Disputabuntur in aula jurisconsultorum, die 2.novemb. Horis hactenus consuetis.","Syrsma, Rembert van",haer. Johann Oporinus,Basel,1584,Latin,4o,Swiss Confederation,1584,1580s
552387,"Zehen Psalmen Davids des Propheten mit vier, fünff und sechs Stimmen gefazt. Discantus","Köler, David",Günther Wolff,Leipzig,1554,German,8o oblong,Holy Roman Empire,1554,1550s
693852,"A shorte cathechisme. A briefe and godly bringinge up of youth,in the knowledge & commaundements of God in fayth,prayer and other articles set forth in the manner of a dialogue.","Allen, Edmond",Christoph I Froschauer,Zürich,1550,English,16o,Swiss Confederation,1550,1550s
626405,"De quatuor hominis novissimis, de morte videlicet,futuro judicio,poenis inferni et gaudiis coeli,probus paternè quidem,hisce perterrendo,illis rursum prouocando,ad melior vitam pertrahere conatur omnes, tractatus plane Pius ac eruditus",Dionysius Carthusianus,Johann von Dorsten,Köln,1532,Latin,8o,Holy Roman Empire,1532,1530s
627224,Das dritte teyl der postillen oder Außlegung der Evangelien an den fürnemisten festen im gantzen jar,"Luther, Martin",Wolfgang Köpfel,Strasbourg,1532,German,2o,Holy Roman Empire,1532,1530s
607364,"De medicorum, ut vocant, opprobrio podagra theses. Ad quas decreto et autoritate Medicorum Ordinis in antiquissima & celeberrima Rauracorum apud Basilienses Academia, Pro supremo in Medicina axiomate obtinendo ... Publice respondebit Mattthias Borbonius à Borbenheim Collinensis, Bohemus. Ad 14. Febr.","Borbonius, Matthias",Konrad Waldkirch,Basel,1597,Latin,4o,Swiss Confederation,1597,1590s
664417,"Hvldrichi buchneri p.l. Anagrammata, ad illustrem et inclytum d. D.Wolfgangum comitem hohenlojum","Buchner, Hulderich",Paul Kaufmann,Nürnberg,1599,Latin,4o,Holy Roman Empire,1599,1590s
673811,De itribus et translatione imperii,Leopold III von Bebenburg,Matthias Schürer,Strasbourg,1508,Latin,4o,Holy Roman Empire,1508,1500s
661231,"Tabulae viginti, institutiones in linguam sanctam absolutas complectentes, ex selectissimis hebreorum grammaticis collectae acceßit his, exegesis dictionum in psalmos sex","Reuchlin, Anton",Heinrich Petri,Basel,1554,Hebrew,2o,Swiss Confederation,1554,1550s
